Running main() from /root/Nuka-Physics/build-cuda128/_deps/googletest-src/googletest/src/gtest_main.cc
Note: Google Test filter = *UnionScene*
[==========] Running 1 test from 1 test suite.
[----------] Global test environment set-up.
[----------] 1 test from BatchedUnifiedWorldPerf
[ RUN      ] BatchedUnifiedWorldPerf.UnionSceneThroughputAndTrainabilityVerdict
[ROW-SOLVER-TIMING] rows=20 colors=20 grid_blocks=1 block_threads=128 launches=1 coloring_ms=0.046 upload_ms=0.079 kernel_ms=62.363
[ROW-SOLVER-TIMING] rows=20 colors=20 grid_blocks=1 block_threads=128 launches=1 coloring_ms=0.046 upload_ms=0.072 kernel_ms=62.918
[ROW-SOLVER-TIMING] rows=20 colors=20 grid_blocks=1 block_threads=128 launches=1 coloring_ms=0.043 upload_ms=0.071 kernel_ms=58.050
[ROW-SOLVER-TIMING] rows=20 colors=20 grid_blocks=1 block_threads=128 launches=1 coloring_ms=0.042 upload_ms=0.071 kernel_ms=58.343
[ROW-SOLVER-TIMING] rows=20 colors=20 grid_blocks=1 block_threads=128 launches=1 coloring_ms=0.042 upload_ms=0.072 kernel_ms=58.368
[ROW-SOLVER-TIMING] rows=20 colors=20 grid_blocks=1 block_threads=128 launches=1 coloring_ms=0.047 upload_ms=0.072 kernel_ms=58.204
[ROW-SOLVER-TIMING] rows=20 colors=20 grid_blocks=1 block_threads=128 launches=1 coloring_ms=0.043 upload_ms=0.072 kernel_ms=59.370
[ROW-SOLVER-TIMING] rows=20 colors=20 grid_blocks=1 block_threads=128 launches=1 coloring_ms=0.042 upload_ms=0.071 kernel_ms=58.734
[ROW-SOLVER-TIMING] rows=20 colors=20 grid_blocks=1 block_threads=128 launches=1 coloring_ms=0.041 upload_ms=0.072 kernel_ms=57.638
[ROW-SOLVER-TIMING] rows=20 colors=20 grid_blocks=1 block_threads=128 launches=1 coloring_ms=0.041 upload_ms=0.071 kernel_ms=58.451
[ROW-SOLVER-TIMING] rows=20 colors=20 grid_blocks=1 block_threads=128 launches=1 coloring_ms=0.041 upload_ms=0.071 kernel_ms=57.182
[ROW-SOLVER-TIMING] rows=20 colors=20 grid_blocks=1 block_threads=128 launches=1 coloring_ms=0.041 upload_ms=0.071 kernel_ms=58.546
[ROW-SOLVER-TIMING] rows=20 colors=20 grid_blocks=1 block_threads=128 launches=1 coloring_ms=0.041 upload_ms=0.071 kernel_ms=57.713
[ROW-SOLVER-TIMING] rows=20 colors=20 grid_blocks=1 block_threads=128 launches=1 coloring_ms=0.041 upload_ms=0.074 kernel_ms=58.617
[ROW-SOLVER-TIMING] rows=20 colors=20 grid_blocks=1 block_threads=128 launches=1 coloring_ms=0.041 upload_ms=0.072 kernel_ms=59.454
[ROW-SOLVER-TIMING] rows=20 colors=20 grid_blocks=1 block_threads=128 launches=1 coloring_ms=0.128 upload_ms=0.116 kernel_ms=56.669
[ROW-SOLVER-TIMING] rows=20 colors=20 grid_blocks=1 block_threads=128 launches=1 coloring_ms=0.043 upload_ms=0.072 kernel_ms=58.926
[ROW-SOLVER-TIMING] rows=20 colors=20 grid_blocks=1 block_threads=128 launches=1 coloring_ms=0.042 upload_ms=0.073 kernel_ms=57.910
[ROW-SOLVER-TIMING] rows=20 colors=20 grid_blocks=1 block_threads=128 launches=1 coloring_ms=0.041 upload_ms=0.072 kernel_ms=59.525
[ROW-SOLVER-TIMING] rows=20 colors=20 grid_blocks=1 block_threads=128 launches=1 coloring_ms=0.041 upload_ms=0.072 kernel_ms=59.886
[ROW-SOLVER-TIMING] rows=20 colors=20 grid_blocks=1 block_threads=128 launches=1 coloring_ms=0.041 upload_ms=0.071 kernel_ms=60.592
[ROW-SOLVER-TIMING] rows=20 colors=20 grid_blocks=1 block_threads=128 launches=1 coloring_ms=0.041 upload_ms=0.072 kernel_ms=59.717
[ROW-SOLVER-TIMING] rows=20 colors=20 grid_blocks=1 block_threads=128 launches=1 coloring_ms=0.041 upload_ms=0.072 kernel_ms=60.349
[ROW-SOLVER-TIMING] rows=20 colors=20 grid_blocks=1 block_threads=128 launches=1 coloring_ms=0.041 upload_ms=0.071 kernel_ms=60.421
[ROW-SOLVER-TIMING] rows=20 colors=20 grid_blocks=1 block_threads=128 launches=1 coloring_ms=0.042 upload_ms=0.077 kernel_ms=61.369
[ROW-SOLVER-TIMING] rows=20 colors=20 grid_blocks=1 block_threads=128 launches=1 coloring_ms=0.042 upload_ms=0.073 kernel_ms=61.517
[ROW-SOLVER-TIMING] rows=20 colors=20 grid_blocks=1 block_threads=128 launches=1 coloring_ms=0.041 upload_ms=0.072 kernel_ms=61.556
[ROW-SOLVER-TIMING] rows=20 colors=20 grid_blocks=1 block_threads=128 launches=1 coloring_ms=0.044 upload_ms=0.073 kernel_ms=61.084
[ROW-SOLVER-TIMING] rows=20 colors=20 grid_blocks=1 block_threads=128 launches=1 coloring_ms=0.042 upload_ms=0.071 kernel_ms=60.597
[ROW-SOLVER-TIMING] rows=20 colors=20 grid_blocks=1 block_threads=128 launches=1 coloring_ms=0.042 upload_ms=0.071 kernel_ms=60.900
[ROW-SOLVER-TIMING] rows=20 colors=20 grid_blocks=1 block_threads=128 launches=1 coloring_ms=0.042 upload_ms=0.072 kernel_ms=61.054
[ROW-SOLVER-TIMING] rows=20 colors=20 grid_blocks=1 block_threads=128 launches=1 coloring_ms=0.041 upload_ms=0.072 kernel_ms=60.688
[ROW-SOLVER-TIMING] rows=20 colors=20 grid_blocks=1 block_threads=128 launches=1 coloring_ms=0.042 upload_ms=0.072 kernel_ms=60.830
[ROW-SOLVER-TIMING] rows=20 colors=20 grid_blocks=1 block_threads=128 launches=1 coloring_ms=0.041 upload_ms=0.071 kernel_ms=61.084
[ROW-SOLVER-TIMING] rows=20 colors=20 grid_blocks=1 block_threads=128 launches=1 coloring_ms=0.041 upload_ms=0.072 kernel_ms=61.803
[ROW-SOLVER-TIMING] rows=20 colors=20 grid_blocks=1 block_threads=128 launches=1 coloring_ms=0.041 upload_ms=0.071 kernel_ms=60.951
[ROW-SOLVER-TIMING] rows=20 colors=20 grid_blocks=1 block_threads=128 launches=1 coloring_ms=0.044 upload_ms=0.073 kernel_ms=60.991
[ROW-SOLVER-TIMING] rows=20 colors=20 grid_blocks=1 block_threads=128 launches=1 coloring_ms=0.043 upload_ms=0.072 kernel_ms=61.881
[ROW-SOLVER-TIMING] rows=20 colors=20 grid_blocks=1 block_threads=128 launches=1 coloring_ms=0.076 upload_ms=0.115 kernel_ms=61.854
[ROW-SOLVER-TIMING] rows=20 colors=20 grid_blocks=1 block_threads=128 launches=1 coloring_ms=0.046 upload_ms=0.072 kernel_ms=61.498
[ROW-SOLVER-TIMING] rows=20 colors=20 grid_blocks=1 block_threads=128 launches=1 coloring_ms=0.042 upload_ms=0.072 kernel_ms=61.019
[ROW-SOLVER-TIMING] rows=20 colors=20 grid_blocks=1 block_threads=128 launches=1 coloring_ms=0.042 upload_ms=0.072 kernel_ms=61.529
[ROW-SOLVER-TIMING] rows=20 colors=20 grid_blocks=1 block_threads=128 launches=1 coloring_ms=0.050 upload_ms=0.080 kernel_ms=61.663
[ROW-SOLVER-TIMING] rows=20 colors=20 grid_blocks=1 block_threads=128 launches=1 coloring_ms=0.041 upload_ms=0.071 kernel_ms=60.516
[ROW-SOLVER-TIMING] rows=20 colors=20 grid_blocks=1 block_threads=128 launches=1 coloring_ms=0.041 upload_ms=0.071 kernel_ms=61.105
[ROW-SOLVER-TIMING] rows=20 colors=20 grid_blocks=1 block_threads=128 launches=1 coloring_ms=0.045 upload_ms=0.078 kernel_ms=61.367
[ROW-SOLVER-TIMING] rows=20 colors=20 grid_blocks=1 block_threads=128 launches=1 coloring_ms=0.042 upload_ms=0.072 kernel_ms=61.335
[ROW-SOLVER-TIMING] rows=20 colors=20 grid_blocks=1 block_threads=128 launches=1 coloring_ms=0.044 upload_ms=0.072 kernel_ms=61.084
[ROW-SOLVER-TIMING] rows=20 colors=20 grid_blocks=1 block_threads=128 launches=1 coloring_ms=0.042 upload_ms=0.072 kernel_ms=61.763
[ROW-SOLVER-TIMING] rows=20 colors=20 grid_blocks=1 block_threads=128 launches=1 coloring_ms=0.108 upload_ms=0.092 kernel_ms=61.459
[ROW-SOLVER-TIMING] rows=20 colors=20 grid_blocks=1 block_threads=128 launches=1 coloring_ms=0.070 upload_ms=0.114 kernel_ms=61.671
[ROW-SOLVER-TIMING] rows=20 colors=20 grid_blocks=1 block_threads=128 launches=1 coloring_ms=0.045 upload_ms=0.073 kernel_ms=60.863
[ROW-SOLVER-TIMING] rows=20 colors=20 grid_blocks=1 block_threads=128 launches=1 coloring_ms=0.042 upload_ms=0.072 kernel_ms=61.368
[ROW-SOLVER-TIMING] rows=20 colors=20 grid_blocks=1 block_threads=128 launches=1 coloring_ms=0.041 upload_ms=0.072 kernel_ms=62.030
[ROW-SOLVER-TIMING] rows=20 colors=20 grid_blocks=1 block_threads=128 launches=1 coloring_ms=0.041 upload_ms=0.071 kernel_ms=61.619
[ROW-SOLVER-TIMING] rows=20 colors=20 grid_blocks=1 block_threads=128 launches=1 coloring_ms=0.041 upload_ms=0.071 kernel_ms=61.680
[ROW-SOLVER-TIMING] rows=20 colors=20 grid_blocks=1 block_threads=128 launches=1 coloring_ms=0.042 upload_ms=0.072 kernel_ms=61.548
[ROW-SOLVER-TIMING] rows=20 colors=20 grid_blocks=1 block_threads=128 launches=1 coloring_ms=0.047 upload_ms=0.072 kernel_ms=61.383
[ROW-SOLVER-TIMING] rows=20 colors=20 grid_blocks=1 block_threads=128 launches=1 coloring_ms=0.041 upload_ms=0.072 kernel_ms=61.501
[ROW-SOLVER-TIMING] rows=20 colors=20 grid_blocks=1 block_threads=128 launches=1 coloring_ms=0.041 upload_ms=0.072 kernel_ms=61.288
[ROW-SOLVER-TIMING] rows=20 colors=20 grid_blocks=1 block_threads=128 launches=1 coloring_ms=0.041 upload_ms=0.071 kernel_ms=59.920
[ROW-SOLVER-TIMING] rows=20 colors=20 grid_blocks=1 block_threads=128 launches=1 coloring_ms=0.041 upload_ms=0.071 kernel_ms=59.682
[ROW-SOLVER-TIMING] rows=20 colors=20 grid_blocks=1 block_threads=128 launches=1 coloring_ms=0.042 upload_ms=0.071 kernel_ms=60.160
[ROW-SOLVER-TIMING] rows=20 colors=20 grid_blocks=1 block_threads=128 launches=1 coloring_ms=0.041 upload_ms=0.078 kernel_ms=61.305
[ROW-SOLVER-TIMING] rows=20 colors=20 grid_blocks=1 block_threads=128 launches=1 coloring_ms=0.052 upload_ms=0.097 kernel_ms=60.778
[ROW-SOLVER-TIMING] rows=20 colors=20 grid_blocks=1 block_threads=128 launches=1 coloring_ms=0.042 upload_ms=0.071 kernel_ms=60.626
[ROW-SOLVER-TIMING] rows=20 colors=20 grid_blocks=1 block_threads=128 launches=1 coloring_ms=0.042 upload_ms=0.071 kernel_ms=60.915
[ROW-SOLVER-TIMING] rows=20 colors=20 grid_blocks=1 block_threads=128 launches=1 coloring_ms=0.041 upload_ms=0.071 kernel_ms=60.198
[ROW-SOLVER-TIMING] rows=20 colors=20 grid_blocks=1 block_threads=128 launches=1 coloring_ms=0.045 upload_ms=0.072 kernel_ms=61.023
[ROW-SOLVER-TIMING] rows=20 colors=20 grid_blocks=1 block_threads=128 launches=1 coloring_ms=0.041 upload_ms=0.071 kernel_ms=61.298
[ROW-SOLVER-TIMING] rows=20 colors=20 grid_blocks=1 block_threads=128 launches=1 coloring_ms=0.041 upload_ms=0.071 kernel_ms=61.034
[ROW-SOLVER-TIMING] rows=20 colors=20 grid_blocks=1 block_threads=128 launches=1 coloring_ms=0.041 upload_ms=0.072 kernel_ms=60.298
[ROW-SOLVER-TIMING] rows=20 colors=20 grid_blocks=1 block_threads=128 launches=1 coloring_ms=0.042 upload_ms=0.071 kernel_ms=60.753
[ROW-SOLVER-TIMING] rows=20 colors=20 grid_blocks=1 block_threads=128 launches=1 coloring_ms=0.042 upload_ms=0.071 kernel_ms=61.299
[ROW-SOLVER-TIMING] rows=20 colors=20 grid_blocks=1 block_threads=128 launches=1 coloring_ms=0.041 upload_ms=0.071 kernel_ms=60.915
[ROW-SOLVER-TIMING] rows=20 colors=20 grid_blocks=1 block_threads=128 launches=1 coloring_ms=0.041 upload_ms=0.071 kernel_ms=60.357
[ROW-SOLVER-TIMING] rows=20 colors=20 grid_blocks=1 block_threads=128 launches=1 coloring_ms=0.041 upload_ms=0.071 kernel_ms=59.786
[ROW-SOLVER-TIMING] rows=20 colors=20 grid_blocks=1 block_threads=128 launches=1 coloring_ms=0.045 upload_ms=0.072 kernel_ms=59.591
[ROW-SOLVER-TIMING] rows=20 colors=20 grid_blocks=1 block_threads=128 launches=1 coloring_ms=0.041 upload_ms=0.071 kernel_ms=59.418
[ROW-SOLVER-TIMING] rows=20 colors=20 grid_blocks=1 block_threads=128 launches=1 coloring_ms=0.041 upload_ms=0.071 kernel_ms=59.469
[ROW-SOLVER-TIMING] rows=20 colors=20 grid_blocks=1 block_threads=128 launches=1 coloring_ms=0.041 upload_ms=0.072 kernel_ms=59.052
[ROW-SOLVER-TIMING] rows=20 colors=20 grid_blocks=1 block_threads=128 launches=1 coloring_ms=0.041 upload_ms=0.071 kernel_ms=59.789
[ROW-SOLVER-TIMING] rows=20 colors=20 grid_blocks=1 block_threads=128 launches=1 coloring_ms=0.042 upload_ms=0.071 kernel_ms=59.512
[ROW-SOLVER-TIMING] rows=20 colors=20 grid_blocks=1 block_threads=128 launches=1 coloring_ms=0.041 upload_ms=0.076 kernel_ms=59.264
[ROW-SOLVER-TIMING] rows=20 colors=20 grid_blocks=1 block_threads=128 launches=1 coloring_ms=0.041 upload_ms=0.072 kernel_ms=58.906
[ROW-SOLVER-TIMING] rows=20 colors=20 grid_blocks=1 block_threads=128 launches=1 coloring_ms=0.041 upload_ms=0.071 kernel_ms=59.248
[ROW-SOLVER-TIMING] rows=20 colors=20 grid_blocks=1 block_threads=128 launches=1 coloring_ms=0.041 upload_ms=0.071 kernel_ms=59.088
[ROW-SOLVER-TIMING] rows=20 colors=20 grid_blocks=1 block_threads=128 launches=1 coloring_ms=0.046 upload_ms=0.072 kernel_ms=59.189
[ROW-SOLVER-TIMING] rows=20 colors=20 grid_blocks=1 block_threads=128 launches=1 coloring_ms=0.042 upload_ms=0.072 kernel_ms=59.556
[ROW-SOLVER-TIMING] rows=20 colors=20 grid_blocks=1 block_threads=128 launches=1 coloring_ms=0.042 upload_ms=0.071 kernel_ms=59.333
[ROW-SOLVER-TIMING] rows=20 colors=20 grid_blocks=1 block_threads=128 launches=1 coloring_ms=0.053 upload_ms=0.086 kernel_ms=59.453
[ROW-SOLVER-TIMING] rows=20 colors=20 grid_blocks=1 block_threads=128 launches=1 coloring_ms=0.042 upload_ms=0.072 kernel_ms=59.140
[ROW-SOLVER-TIMING] rows=20 colors=20 grid_blocks=1 block_threads=128 launches=1 coloring_ms=0.042 upload_ms=0.072 kernel_ms=58.846
[ROW-SOLVER-TIMING] rows=20 colors=20 grid_blocks=1 block_threads=128 launches=1 coloring_ms=0.042 upload_ms=0.073 kernel_ms=59.259
[ROW-SOLVER-TIMING] rows=20 colors=20 grid_blocks=1 block_threads=128 launches=1 coloring_ms=0.041 upload_ms=0.072 kernel_ms=59.170
[ROW-SOLVER-TIMING] rows=20 colors=20 grid_blocks=1 block_threads=128 launches=1 coloring_ms=0.041 upload_ms=0.071 kernel_ms=59.591
[ROW-SOLVER-TIMING] rows=20 colors=20 grid_blocks=1 block_threads=128 launches=1 coloring_ms=0.041 upload_ms=0.072 kernel_ms=59.426
[ROW-SOLVER-TIMING] rows=20 colors=20 grid_blocks=1 block_threads=128 launches=1 coloring_ms=0.055 upload_ms=0.086 kernel_ms=59.687
[ROW-SOLVER-TIMING] rows=20 colors=20 grid_blocks=1 block_threads=128 launches=1 coloring_ms=0.048 upload_ms=0.076 kernel_ms=59.609
[ROW-SOLVER-TIMING] rows=20 colors=20 grid_blocks=1 block_threads=128 launches=1 coloring_ms=0.042 upload_ms=0.072 kernel_ms=58.928
[ROW-SOLVER-TIMING] rows=20 colors=20 grid_blocks=1 block_threads=128 launches=1 coloring_ms=0.044 upload_ms=0.072 kernel_ms=59.511
[ROW-SOLVER-TIMING] rows=20 colors=20 grid_blocks=1 block_threads=128 launches=1 coloring_ms=0.043 upload_ms=0.072 kernel_ms=59.414
[ROW-SOLVER-TIMING] rows=20 colors=20 grid_blocks=1 block_threads=128 launches=1 coloring_ms=0.042 upload_ms=0.072 kernel_ms=58.962
[ROW-SOLVER-TIMING] rows=20 colors=20 grid_blocks=1 block_threads=128 launches=1 coloring_ms=0.041 upload_ms=0.072 kernel_ms=59.425
[ROW-SOLVER-TIMING] rows=20 colors=20 grid_blocks=1 block_threads=128 launches=1 coloring_ms=0.042 upload_ms=0.071 kernel_ms=60.342
[ROW-SOLVER-TIMING] rows=20 colors=20 grid_blocks=1 block_threads=128 launches=1 coloring_ms=0.042 upload_ms=0.071 kernel_ms=59.506
[ROW-SOLVER-TIMING] rows=20 colors=20 grid_blocks=1 block_threads=128 launches=1 coloring_ms=0.041 upload_ms=0.071 kernel_ms=59.702
[ROW-SOLVER-TIMING] rows=20 colors=20 grid_blocks=1 block_threads=128 launches=1 coloring_ms=0.042 upload_ms=0.071 kernel_ms=59.901
[ROW-SOLVER-TIMING] rows=20 colors=20 grid_blocks=1 block_threads=128 launches=1 coloring_ms=0.041 upload_ms=0.072 kernel_ms=59.549
[ROW-SOLVER-TIMING] rows=20 colors=20 grid_blocks=1 block_threads=128 launches=1 coloring_ms=0.042 upload_ms=0.071 kernel_ms=59.575
[ROW-SOLVER-TIMING] rows=20 colors=20 grid_blocks=1 block_threads=128 launches=1 coloring_ms=0.045 upload_ms=0.072 kernel_ms=59.508
[ROW-SOLVER-TIMING] rows=20 colors=20 grid_blocks=1 block_threads=128 launches=1 coloring_ms=0.041 upload_ms=0.072 kernel_ms=59.584
[ROW-SOLVER-TIMING] rows=20 colors=20 grid_blocks=1 block_threads=128 launches=1 coloring_ms=0.042 upload_ms=0.072 kernel_ms=59.840
[ROW-SOLVER-TIMING] rows=20 colors=20 grid_blocks=1 block_threads=128 launches=1 coloring_ms=0.041 upload_ms=0.071 kernel_ms=59.762
[ROW-SOLVER-TIMING] rows=20 colors=20 grid_blocks=1 block_threads=128 launches=1 coloring_ms=0.041 upload_ms=0.071 kernel_ms=60.045
[ROW-SOLVER-TIMING] rows=20 colors=20 grid_blocks=1 block_threads=128 launches=1 coloring_ms=0.041 upload_ms=0.071 kernel_ms=60.310
[ROW-SOLVER-TIMING] rows=20 colors=20 grid_blocks=1 block_threads=128 launches=1 coloring_ms=0.045 upload_ms=0.073 kernel_ms=59.849
[ROW-SOLVER-TIMING] rows=20 colors=20 grid_blocks=1 block_threads=128 launches=1 coloring_ms=0.041 upload_ms=0.076 kernel_ms=59.932
[ROW-SOLVER-TIMING] rows=20 colors=20 grid_blocks=1 block_threads=128 launches=1 coloring_ms=0.045 upload_ms=0.073 kernel_ms=59.250
[ROW-SOLVER-TIMING] rows=20 colors=20 grid_blocks=1 block_threads=128 launches=1 coloring_ms=0.041 upload_ms=0.071 kernel_ms=59.665
[ROW-SOLVER-TIMING] rows=20 colors=20 grid_blocks=1 block_threads=128 launches=1 coloring_ms=0.041 upload_ms=0.071 kernel_ms=59.282
[ROW-SOLVER-TIMING] rows=20 colors=20 grid_blocks=1 block_threads=128 launches=1 coloring_ms=0.041 upload_ms=0.072 kernel_ms=59.112
[ROW-SOLVER-TIMING] rows=20 colors=20 grid_blocks=1 block_threads=128 launches=1 coloring_ms=0.041 upload_ms=0.072 kernel_ms=59.379
[ROW-SOLVER-TIMING] rows=20 colors=20 grid_blocks=1 block_threads=128 launches=1 coloring_ms=0.041 upload_ms=0.070 kernel_ms=58.840
[ROW-SOLVER-TIMING] rows=20 colors=20 grid_blocks=1 block_threads=128 launches=1 coloring_ms=0.041 upload_ms=0.071 kernel_ms=57.847
[ROW-SOLVER-TIMING] rows=20 colors=20 grid_blocks=1 block_threads=128 launches=1 coloring_ms=0.041 upload_ms=0.071 kernel_ms=57.490
[ROW-SOLVER-TIMING] rows=20 colors=20 grid_blocks=1 block_threads=128 launches=1 coloring_ms=0.045 upload_ms=0.072 kernel_ms=57.176
[ROW-SOLVER-TIMING] rows=20 colors=20 grid_blocks=1 block_threads=128 launches=1 coloring_ms=0.042 upload_ms=0.073 kernel_ms=58.561
[ROW-SOLVER-TIMING] rows=20 colors=20 grid_blocks=1 block_threads=128 launches=1 coloring_ms=0.041 upload_ms=0.072 kernel_ms=58.830
[ROW-SOLVER-TIMING] rows=20 colors=20 grid_blocks=1 block_threads=128 launches=1 coloring_ms=0.043 upload_ms=0.072 kernel_ms=58.654
[ROW-SOLVER-TIMING] rows=20 colors=20 grid_blocks=1 block_threads=128 launches=1 coloring_ms=0.042 upload_ms=0.071 kernel_ms=58.992
[ROW-SOLVER-TIMING] rows=20 colors=20 grid_blocks=1 block_threads=128 launches=1 coloring_ms=0.042 upload_ms=0.071 kernel_ms=58.352
[ROW-SOLVER-TIMING] rows=20 colors=20 grid_blocks=1 block_threads=128 launches=1 coloring_ms=0.042 upload_ms=0.077 kernel_ms=58.346
[ROW-SOLVER-TIMING] rows=20 colors=20 grid_blocks=1 block_threads=128 launches=1 coloring_ms=0.049 upload_ms=0.074 kernel_ms=59.220
[ROW-SOLVER-TIMING] rows=20 colors=20 grid_blocks=1 block_threads=128 launches=1 coloring_ms=0.043 upload_ms=0.072 kernel_ms=58.329
[ROW-SOLVER-TIMING] rows=20 colors=20 grid_blocks=1 block_threads=128 launches=1 coloring_ms=0.042 upload_ms=0.071 kernel_ms=59.690
[ROW-SOLVER-TIMING] rows=20 colors=20 grid_blocks=1 block_threads=128 launches=1 coloring_ms=0.041 upload_ms=0.072 kernel_ms=59.661
[ROW-SOLVER-TIMING] rows=20 colors=20 grid_blocks=1 block_threads=128 launches=1 coloring_ms=0.041 upload_ms=0.072 kernel_ms=59.761
[ROW-SOLVER-TIMING] rows=20 colors=20 grid_blocks=1 block_threads=128 launches=1 coloring_ms=0.041 upload_ms=0.072 kernel_ms=59.637
[ROW-SOLVER-TIMING] rows=20 colors=20 grid_blocks=1 block_threads=128 launches=1 coloring_ms=0.041 upload_ms=0.072 kernel_ms=59.641
[ROW-SOLVER-TIMING] rows=20 colors=20 grid_blocks=1 block_threads=128 launches=1 coloring_ms=0.041 upload_ms=0.072 kernel_ms=59.184
[ROW-SOLVER-TIMING] rows=20 colors=20 grid_blocks=1 block_threads=128 launches=1 coloring_ms=0.041 upload_ms=0.072 kernel_ms=59.438
[ROW-SOLVER-TIMING] rows=20 colors=20 grid_blocks=1 block_threads=128 launches=1 coloring_ms=0.045 upload_ms=0.073 kernel_ms=59.474
[ROW-SOLVER-TIMING] rows=20 colors=20 grid_blocks=1 block_threads=128 launches=1 coloring_ms=0.045 upload_ms=0.073 kernel_ms=59.229
[ROW-SOLVER-TIMING] rows=20 colors=20 grid_blocks=1 block_threads=128 launches=1 coloring_ms=0.041 upload_ms=0.072 kernel_ms=59.621
[ROW-SOLVER-TIMING] rows=20 colors=20 grid_blocks=1 block_threads=128 launches=1 coloring_ms=0.041 upload_ms=0.076 kernel_ms=58.990
[ROW-SOLVER-TIMING] rows=20 colors=20 grid_blocks=1 block_threads=128 launches=1 coloring_ms=0.042 upload_ms=0.072 kernel_ms=59.021
[ROW-SOLVER-TIMING] rows=20 colors=20 grid_blocks=1 block_threads=128 launches=1 coloring_ms=0.041 upload_ms=0.072 kernel_ms=59.491
[ROW-SOLVER-TIMING] rows=20 colors=20 grid_blocks=1 block_threads=128 launches=1 coloring_ms=0.041 upload_ms=0.076 kernel_ms=59.270
[ROW-SOLVER-TIMING] rows=20 colors=20 grid_blocks=1 block_threads=128 launches=1 coloring_ms=0.041 upload_ms=0.072 kernel_ms=59.322
[ROW-SOLVER-TIMING] rows=20 colors=20 grid_blocks=1 block_threads=128 launches=1 coloring_ms=0.041 upload_ms=0.073 kernel_ms=59.025
[ROW-SOLVER-TIMING] rows=20 colors=20 grid_blocks=1 block_threads=128 launches=1 coloring_ms=0.041 upload_ms=0.072 kernel_ms=58.748
[ROW-SOLVER-TIMING] rows=20 colors=20 grid_blocks=1 block_threads=128 launches=1 coloring_ms=0.047 upload_ms=0.075 kernel_ms=58.894
[ROW-SOLVER-TIMING] rows=20 colors=20 grid_blocks=1 block_threads=128 launches=1 coloring_ms=0.042 upload_ms=0.071 kernel_ms=59.229
[ROW-SOLVER-TIMING] rows=20 colors=20 grid_blocks=1 block_threads=128 launches=1 coloring_ms=0.042 upload_ms=0.071 kernel_ms=59.003
[ROW-SOLVER-TIMING] rows=20 colors=20 grid_blocks=1 block_threads=128 launches=1 coloring_ms=0.041 upload_ms=0.072 kernel_ms=58.827
[ROW-SOLVER-TIMING] rows=20 colors=20 grid_blocks=1 block_threads=128 launches=1 coloring_ms=0.041 upload_ms=0.071 kernel_ms=58.706
[ROW-SOLVER-TIMING] rows=20 colors=20 grid_blocks=1 block_threads=128 launches=1 coloring_ms=0.041 upload_ms=0.072 kernel_ms=59.370
[ROW-SOLVER-TIMING] rows=20 colors=20 grid_blocks=1 block_threads=128 launches=1 coloring_ms=0.041 upload_ms=0.072 kernel_ms=59.411
[ROW-SOLVER-TIMING] rows=20 colors=20 grid_blocks=1 block_threads=128 launches=1 coloring_ms=0.041 upload_ms=0.071 kernel_ms=58.911
[ROW-SOLVER-TIMING] rows=20 colors=20 grid_blocks=1 block_threads=128 launches=1 coloring_ms=0.041 upload_ms=0.072 kernel_ms=59.171
[ROW-SOLVER-TIMING] rows=20 colors=20 grid_blocks=1 block_threads=128 launches=1 coloring_ms=0.041 upload_ms=0.071 kernel_ms=59.017
[ROW-SOLVER-TIMING] rows=20 colors=20 grid_blocks=1 block_threads=128 launches=1 coloring_ms=0.041 upload_ms=0.071 kernel_ms=58.719
[ROW-SOLVER-TIMING] rows=20 colors=20 grid_blocks=1 block_threads=128 launches=1 coloring_ms=0.041 upload_ms=0.071 kernel_ms=58.285
[ROW-SOLVER-TIMING] rows=20 colors=20 grid_blocks=1 block_threads=128 launches=1 coloring_ms=0.041 upload_ms=0.071 kernel_ms=58.981
[ROW-SOLVER-TIMING] rows=20 colors=20 grid_blocks=1 block_threads=128 launches=1 coloring_ms=0.041 upload_ms=0.072 kernel_ms=58.902
[ROW-SOLVER-TIMING] rows=20 colors=20 grid_blocks=1 block_threads=128 launches=1 coloring_ms=0.041 upload_ms=0.072 kernel_ms=58.408
[ROW-SOLVER-TIMING] rows=20 colors=20 grid_blocks=1 block_threads=128 launches=1 coloring_ms=0.041 upload_ms=0.072 kernel_ms=58.594
[ROW-SOLVER-TIMING] rows=20 colors=20 grid_blocks=1 block_threads=128 launches=1 coloring_ms=0.041 upload_ms=0.071 kernel_ms=59.320
[ROW-SOLVER-TIMING] rows=20 colors=20 grid_blocks=1 block_threads=128 launches=1 coloring_ms=0.041 upload_ms=0.071 kernel_ms=58.328
[ROW-SOLVER-TIMING] rows=20 colors=20 grid_blocks=1 block_threads=128 launches=1 coloring_ms=0.041 upload_ms=0.072 kernel_ms=58.934
[ROW-SOLVER-TIMING] rows=20 colors=20 grid_blocks=1 block_threads=128 launches=1 coloring_ms=0.041 upload_ms=0.071 kernel_ms=59.125
[ROW-SOLVER-TIMING] rows=20 colors=20 grid_blocks=1 block_threads=128 launches=1 coloring_ms=0.041 upload_ms=0.071 kernel_ms=58.752
[ROW-SOLVER-TIMING] rows=20 colors=20 grid_blocks=1 block_threads=128 launches=1 coloring_ms=0.041 upload_ms=0.073 kernel_ms=58.587
[ROW-SOLVER-TIMING] rows=20 colors=20 grid_blocks=1 block_threads=128 launches=1 coloring_ms=0.041 upload_ms=0.071 kernel_ms=59.166
[ROW-SOLVER-TIMING] rows=20 colors=20 grid_blocks=1 block_threads=128 launches=1 coloring_ms=0.041 upload_ms=0.075 kernel_ms=58.968
[ROW-SOLVER-TIMING] rows=20 colors=20 grid_blocks=1 block_threads=128 launches=1 coloring_ms=0.042 upload_ms=0.072 kernel_ms=58.952
[ROW-SOLVER-TIMING] rows=20 colors=20 grid_blocks=1 block_threads=128 launches=1 coloring_ms=0.047 upload_ms=0.071 kernel_ms=58.822
[ROW-SOLVER-TIMING] rows=20 colors=20 grid_blocks=1 block_threads=128 launches=1 coloring_ms=0.041 upload_ms=0.071 kernel_ms=58.973
[ROW-SOLVER-TIMING] rows=20 colors=20 grid_blocks=1 block_threads=128 launches=1 coloring_ms=0.043 upload_ms=0.071 kernel_ms=58.969
[ROW-SOLVER-TIMING] rows=20 colors=20 grid_blocks=1 block_threads=128 launches=1 coloring_ms=0.041 upload_ms=0.071 kernel_ms=58.674
[ROW-SOLVER-TIMING] rows=20 colors=20 grid_blocks=1 block_threads=128 launches=1 coloring_ms=0.041 upload_ms=0.071 kernel_ms=58.246
[ROW-SOLVER-TIMING] rows=20 colors=20 grid_blocks=1 block_threads=128 launches=1 coloring_ms=0.041 upload_ms=0.072 kernel_ms=58.478
[ROW-SOLVER-TIMING] rows=20 colors=20 grid_blocks=1 block_threads=128 launches=1 coloring_ms=0.041 upload_ms=0.072 kernel_ms=58.518
[ROW-SOLVER-TIMING] rows=20 colors=20 grid_blocks=1 block_threads=128 launches=1 coloring_ms=0.041 upload_ms=0.071 kernel_ms=59.045
[ROW-SOLVER-TIMING] rows=20 colors=20 grid_blocks=1 block_threads=128 launches=1 coloring_ms=0.041 upload_ms=0.071 kernel_ms=58.287
[ROW-SOLVER-TIMING] rows=20 colors=20 grid_blocks=1 block_threads=128 launches=1 coloring_ms=0.041 upload_ms=0.075 kernel_ms=58.240
[ROW-SOLVER-TIMING] rows=20 colors=20 grid_blocks=1 block_threads=128 launches=1 coloring_ms=0.042 upload_ms=0.070 kernel_ms=58.917
[ROW-SOLVER-TIMING] rows=20 colors=20 grid_blocks=1 block_threads=128 launches=1 coloring_ms=0.041 upload_ms=0.071 kernel_ms=58.537
[ROW-SOLVER-TIMING] rows=20 colors=20 grid_blocks=1 block_threads=128 launches=1 coloring_ms=0.041 upload_ms=0.071 kernel_ms=58.803
[ROW-SOLVER-TIMING] rows=20 colors=20 grid_blocks=1 block_threads=128 launches=1 coloring_ms=0.041 upload_ms=0.076 kernel_ms=59.016
[ROW-SOLVER-TIMING] rows=20 colors=20 grid_blocks=1 block_threads=128 launches=1 coloring_ms=0.041 upload_ms=0.072 kernel_ms=58.658
[ROW-SOLVER-TIMING] rows=20 colors=20 grid_blocks=1 block_threads=128 launches=1 coloring_ms=0.041 upload_ms=0.075 kernel_ms=58.935
[ROW-SOLVER-TIMING] rows=20 colors=20 grid_blocks=1 block_threads=128 launches=1 coloring_ms=0.041 upload_ms=0.081 kernel_ms=58.769
[ROW-SOLVER-TIMING] rows=20 colors=20 grid_blocks=1 block_threads=128 launches=1 coloring_ms=0.041 upload_ms=0.071 kernel_ms=58.436
[ROW-SOLVER-TIMING] rows=20 colors=20 grid_blocks=1 block_threads=128 launches=1 coloring_ms=0.041 upload_ms=0.071 kernel_ms=58.116
[ROW-SOLVER-TIMING] rows=20 colors=20 grid_blocks=1 block_threads=128 launches=1 coloring_ms=0.041 upload_ms=0.071 kernel_ms=58.181
[ROW-SOLVER-TIMING] rows=20 colors=20 grid_blocks=1 block_threads=128 launches=1 coloring_ms=0.041 upload_ms=0.075 kernel_ms=58.786
[ROW-SOLVER-TIMING] rows=20 colors=20 grid_blocks=1 block_threads=128 launches=1 coloring_ms=0.041 upload_ms=0.071 kernel_ms=59.204
[ROW-SOLVER-TIMING] rows=20 colors=20 grid_blocks=1 block_threads=128 launches=1 coloring_ms=0.041 upload_ms=0.071 kernel_ms=58.025
[ROW-SOLVER-TIMING] rows=6080 colors=170 grid_blocks=1 block_threads=128 launches=1 coloring_ms=140.589 upload_ms=0.508 kernel_ms=1423.840
[ROW-SOLVER-TIMING] rows=5920 colors=170 grid_blocks=1 block_threads=128 launches=1 coloring_ms=137.681 upload_ms=0.309 kernel_ms=1421.606
[ROW-SOLVER-TIMING] rows=5920 colors=170 grid_blocks=1 block_threads=128 launches=1 coloring_ms=176.073 upload_ms=0.399 kernel_ms=1404.321
[ROW-SOLVER-TIMING] rows=5760 colors=170 grid_blocks=1 block_threads=128 launches=1 coloring_ms=135.366 upload_ms=0.303 kernel_ms=1387.012
[ROW-SOLVER-TIMING] rows=5760 colors=170 grid_blocks=1 block_threads=128 launches=1 coloring_ms=135.160 upload_ms=0.310 kernel_ms=1375.925
[ROW-SOLVER-TIMING] rows=5760 colors=170 grid_blocks=1 block_threads=128 launches=1 coloring_ms=141.394 upload_ms=0.360 kernel_ms=1357.551
[ROW-SOLVER-TIMING] rows=5760 colors=170 grid_blocks=1 block_threads=128 launches=1 coloring_ms=136.003 upload_ms=0.312 kernel_ms=1331.387
[ROW-SOLVER-TIMING] rows=5760 colors=170 grid_blocks=1 block_threads=128 launches=1 coloring_ms=198.897 upload_ms=0.413 kernel_ms=1344.692
[ROW-SOLVER-TIMING] rows=5760 colors=170 grid_blocks=1 block_threads=128 launches=1 coloring_ms=140.985 upload_ms=0.315 kernel_ms=1385.383
[ROW-SOLVER-TIMING] rows=5760 colors=170 grid_blocks=1 block_threads=128 launches=1 coloring_ms=135.008 upload_ms=0.306 kernel_ms=1318.199
[ROW-SOLVER-TIMING] rows=5600 colors=170 grid_blocks=1 block_threads=128 launches=1 coloring_ms=132.683 upload_ms=0.313 kernel_ms=1299.689
[ROW-SOLVER-TIMING] rows=5600 colors=170 grid_blocks=1 block_threads=128 launches=1 coloring_ms=132.701 upload_ms=0.388 kernel_ms=1285.190
[ROW-SOLVER-TIMING] rows=5280 colors=160 grid_blocks=1 block_threads=128 launches=1 coloring_ms=160.462 upload_ms=0.339 kernel_ms=1722.971
[ROW-SOLVER-TIMING] rows=5280 colors=155 grid_blocks=1 block_threads=128 launches=1 coloring_ms=108.231 upload_ms=0.294 kernel_ms=1298.036
[ROW-SOLVER-TIMING] rows=5120 colors=150 grid_blocks=1 block_threads=128 launches=1 coloring_ms=100.244 upload_ms=0.288 kernel_ms=1249.927
[ROW-SOLVER-TIMING] rows=4800 colors=145 grid_blocks=1 block_threads=128 launches=1 coloring_ms=136.324 upload_ms=0.282 kernel_ms=1240.332
[ROW-SOLVER-TIMING] rows=4640 colors=140 grid_blocks=1 block_threads=128 launches=1 coloring_ms=83.535 upload_ms=0.276 kernel_ms=1230.062
[ROW-SOLVER-TIMING] rows=4480 colors=135 grid_blocks=1 block_threads=128 launches=1 coloring_ms=76.698 upload_ms=0.262 kernel_ms=1223.813
[ROW-SOLVER-TIMING] rows=4160 colors=125 grid_blocks=1 block_threads=128 launches=1 coloring_ms=63.857 upload_ms=0.258 kernel_ms=1089.433
[ROW-SOLVER-TIMING] rows=3840 colors=115 grid_blocks=1 block_threads=128 launches=1 coloring_ms=53.510 upload_ms=0.692 kernel_ms=1022.131
[ROW-SOLVER-TIMING] rows=4000 colors=115 grid_blocks=1 block_threads=128 launches=1 coloring_ms=57.686 upload_ms=0.300 kernel_ms=1051.278
[ROW-SOLVER-TIMING] rows=4000 colors=115 grid_blocks=1 block_threads=128 launches=1 coloring_ms=54.313 upload_ms=0.243 kernel_ms=1014.872
[ROW-SOLVER-TIMING] rows=3680 colors=110 grid_blocks=1 block_threads=128 launches=1 coloring_ms=59.635 upload_ms=0.245 kernel_ms=937.793
[ROW-SOLVER-TIMING] rows=3520 colors=105 grid_blocks=1 block_threads=128 launches=1 coloring_ms=43.167 upload_ms=0.236 kernel_ms=885.310
[ROW-SOLVER-TIMING] rows=3360 colors=100 grid_blocks=1 block_threads=128 launches=1 coloring_ms=38.748 upload_ms=0.224 kernel_ms=846.069
[ROW-SOLVER-TIMING] rows=3040 colors=90 grid_blocks=1 block_threads=128 launches=1 coloring_ms=30.194 upload_ms=0.220 kernel_ms=790.229
[ROW-SOLVER-TIMING] rows=2720 colors=80 grid_blocks=1 block_threads=128 launches=1 coloring_ms=22.810 upload_ms=0.206 kernel_ms=782.204
[ROW-SOLVER-TIMING] rows=2400 colors=75 grid_blocks=1 block_threads=128 launches=1 coloring_ms=30.962 upload_ms=0.198 kernel_ms=714.490
[ROW-SOLVER-TIMING] rows=2560 colors=75 grid_blocks=1 block_threads=128 launches=1 coloring_ms=19.650 upload_ms=0.200 kernel_ms=706.069
[ROW-SOLVER-TIMING] rows=2400 colors=70 grid_blocks=1 block_threads=128 launches=1 coloring_ms=16.910 upload_ms=0.195 kernel_ms=648.503
[ROW-SOLVER-TIMING] rows=2240 colors=65 grid_blocks=1 block_threads=128 launches=1 coloring_ms=14.403 upload_ms=0.190 kernel_ms=607.516
[ROW-SOLVER-TIMING] rows=2240 colors=65 grid_blocks=1 block_threads=128 launches=1 coloring_ms=14.428 upload_ms=0.188 kernel_ms=564.115
[ROW-SOLVER-TIMING] rows=2240 colors=65 grid_blocks=1 block_threads=128 launches=1 coloring_ms=14.419 upload_ms=0.183 kernel_ms=547.503
[ROW-SOLVER-TIMING] rows=2240 colors=65 grid_blocks=1 block_threads=128 launches=1 coloring_ms=14.335 upload_ms=0.182 kernel_ms=589.301
[ROW-SOLVER-TIMING] rows=2240 colors=65 grid_blocks=1 block_threads=128 launches=1 coloring_ms=14.379 upload_ms=0.183 kernel_ms=554.147
[ROW-SOLVER-TIMING] rows=2080 colors=65 grid_blocks=1 block_threads=128 launches=1 coloring_ms=27.127 upload_ms=0.212 kernel_ms=559.936
[ROW-SOLVER-TIMING] rows=2080 colors=65 grid_blocks=1 block_threads=128 launches=1 coloring_ms=13.655 upload_ms=0.179 kernel_ms=564.090
[ROW-SOLVER-TIMING] rows=2080 colors=65 grid_blocks=1 block_threads=128 launches=1 coloring_ms=13.662 upload_ms=0.184 kernel_ms=546.895
[ROW-SOLVER-TIMING] rows=2080 colors=65 grid_blocks=1 block_threads=128 launches=1 coloring_ms=17.053 upload_ms=0.191 kernel_ms=544.492
[ROW-SOLVER-TIMING] rows=2080 colors=65 grid_blocks=1 block_threads=128 launches=1 coloring_ms=13.809 upload_ms=0.188 kernel_ms=571.188
[ROW-SOLVER-TIMING] rows=1920 colors=60 grid_blocks=1 block_threads=128 launches=1 coloring_ms=11.350 upload_ms=0.174 kernel_ms=569.831
[ROW-SOLVER-TIMING] rows=1920 colors=60 grid_blocks=1 block_threads=128 launches=1 coloring_ms=11.369 upload_ms=0.175 kernel_ms=568.419
[ROW-SOLVER-TIMING] rows=2080 colors=60 grid_blocks=1 block_threads=128 launches=1 coloring_ms=15.124 upload_ms=0.249 kernel_ms=561.226
[ROW-SOLVER-TIMING] rows=2080 colors=60 grid_blocks=1 block_threads=128 launches=1 coloring_ms=12.017 upload_ms=0.176 kernel_ms=571.332
[ROW-SOLVER-TIMING] rows=2080 colors=60 grid_blocks=1 block_threads=128 launches=1 coloring_ms=12.025 upload_ms=0.176 kernel_ms=569.700
[ROW-SOLVER-TIMING] rows=2080 colors=60 grid_blocks=1 block_threads=128 launches=1 coloring_ms=12.038 upload_ms=0.178 kernel_ms=569.148
[ROW-SOLVER-TIMING] rows=2080 colors=60 grid_blocks=1 block_threads=128 launches=1 coloring_ms=12.031 upload_ms=0.174 kernel_ms=569.933
[ROW-SOLVER-TIMING] rows=2080 colors=60 grid_blocks=1 block_threads=128 launches=1 coloring_ms=12.040 upload_ms=0.175 kernel_ms=570.595
[ROW-SOLVER-TIMING] rows=2080 colors=60 grid_blocks=1 block_threads=128 launches=1 coloring_ms=12.829 upload_ms=0.211 kernel_ms=573.032
[ROW-SOLVER-TIMING] rows=1920 colors=55 grid_blocks=1 block_threads=128 launches=1 coloring_ms=9.907 upload_ms=0.172 kernel_ms=540.947
[ROW-SOLVER-TIMING] rows=1920 colors=55 grid_blocks=1 block_threads=128 launches=1 coloring_ms=9.883 upload_ms=0.173 kernel_ms=542.834
[ROW-SOLVER-TIMING] rows=1920 colors=55 grid_blocks=1 block_threads=128 launches=1 coloring_ms=9.883 upload_ms=0.175 kernel_ms=546.600
[ROW-SOLVER-TIMING] rows=1920 colors=55 grid_blocks=1 block_threads=128 launches=1 coloring_ms=9.920 upload_ms=0.178 kernel_ms=547.075
[ROW-SOLVER-TIMING] rows=1920 colors=55 grid_blocks=1 block_threads=128 launches=1 coloring_ms=9.879 upload_ms=0.175 kernel_ms=545.184
[ROW-SOLVER-TIMING] rows=1920 colors=55 grid_blocks=1 block_threads=128 launches=1 coloring_ms=23.763 upload_ms=0.201 kernel_ms=550.639
[ROW-SOLVER-TIMING] rows=1920 colors=55 grid_blocks=1 block_threads=128 launches=1 coloring_ms=9.890 upload_ms=0.172 kernel_ms=553.232
[ROW-SOLVER-TIMING] rows=1920 colors=55 grid_blocks=1 block_threads=128 launches=1 coloring_ms=9.884 upload_ms=0.170 kernel_ms=555.571
[ROW-SOLVER-TIMING] rows=1920 colors=55 grid_blocks=1 block_threads=128 launches=1 coloring_ms=9.895 upload_ms=0.174 kernel_ms=555.284
[ROW-SOLVER-TIMING] rows=1920 colors=55 grid_blocks=1 block_threads=128 launches=1 coloring_ms=10.287 upload_ms=0.351 kernel_ms=556.150
[ROW-SOLVER-TIMING] rows=1920 colors=55 grid_blocks=1 block_threads=128 launches=1 coloring_ms=9.906 upload_ms=0.178 kernel_ms=557.830
[ROW-SOLVER-TIMING] rows=1920 colors=55 grid_blocks=1 block_threads=128 launches=1 coloring_ms=9.897 upload_ms=0.177 kernel_ms=556.392
[ROW-SOLVER-TIMING] rows=1920 colors=55 grid_blocks=1 block_threads=128 launches=1 coloring_ms=9.912 upload_ms=0.176 kernel_ms=558.163
[ROW-SOLVER-TIMING] rows=1920 colors=55 grid_blocks=1 block_threads=128 launches=1 coloring_ms=9.897 upload_ms=0.171 kernel_ms=559.845
[ROW-SOLVER-TIMING] rows=1920 colors=55 grid_blocks=1 block_threads=128 launches=1 coloring_ms=9.891 upload_ms=0.170 kernel_ms=562.104
[ROW-SOLVER-TIMING] rows=1920 colors=55 grid_blocks=1 block_threads=128 launches=1 coloring_ms=9.970 upload_ms=0.171 kernel_ms=558.853
[ROW-SOLVER-TIMING] rows=1920 colors=50 grid_blocks=1 block_threads=128 launches=1 coloring_ms=8.460 upload_ms=0.167 kernel_ms=529.244
[ROW-SOLVER-TIMING] rows=1920 colors=50 grid_blocks=1 block_threads=128 launches=1 coloring_ms=8.468 upload_ms=0.168 kernel_ms=535.244
[ROW-SOLVER-TIMING] rows=1920 colors=50 grid_blocks=1 block_threads=128 launches=1 coloring_ms=8.569 upload_ms=0.171 kernel_ms=536.796
[ROW-SOLVER-TIMING] rows=1920 colors=50 grid_blocks=1 block_threads=128 launches=1 coloring_ms=8.456 upload_ms=0.169 kernel_ms=534.922
[ROW-SOLVER-TIMING] rows=1920 colors=50 grid_blocks=1 block_threads=128 launches=1 coloring_ms=21.075 upload_ms=0.231 kernel_ms=530.083
[ROW-SOLVER-TIMING] rows=1920 colors=50 grid_blocks=1 block_threads=128 launches=1 coloring_ms=8.469 upload_ms=0.170 kernel_ms=527.275
[ROW-SOLVER-TIMING] rows=1920 colors=50 grid_blocks=1 block_threads=128 launches=1 coloring_ms=8.486 upload_ms=0.172 kernel_ms=523.785
[ROW-SOLVER-TIMING] rows=1920 colors=50 grid_blocks=1 block_threads=128 launches=1 coloring_ms=8.452 upload_ms=0.171 kernel_ms=520.049
[ROW-SOLVER-TIMING] rows=1920 colors=50 grid_blocks=1 block_threads=128 launches=1 coloring_ms=8.465 upload_ms=0.178 kernel_ms=522.406
[ROW-SOLVER-TIMING] rows=1920 colors=50 grid_blocks=1 block_threads=128 launches=1 coloring_ms=8.461 upload_ms=0.173 kernel_ms=521.832
[ROW-SOLVER-TIMING] rows=1920 colors=50 grid_blocks=1 block_threads=128 launches=1 coloring_ms=8.461 upload_ms=0.176 kernel_ms=524.770
[ROW-SOLVER-TIMING] rows=1920 colors=50 grid_blocks=1 block_threads=128 launches=1 coloring_ms=8.461 upload_ms=0.169 kernel_ms=524.261
[ROW-SOLVER-TIMING] rows=1920 colors=50 grid_blocks=1 block_threads=128 launches=1 coloring_ms=8.473 upload_ms=0.171 kernel_ms=526.769
[ROW-SOLVER-TIMING] rows=1760 colors=45 grid_blocks=1 block_threads=128 launches=1 coloring_ms=6.661 upload_ms=0.170 kernel_ms=493.448
[ROW-SOLVER-TIMING] rows=1760 colors=45 grid_blocks=1 block_threads=128 launches=1 coloring_ms=6.664 upload_ms=0.163 kernel_ms=492.420
[ROW-SOLVER-TIMING] rows=1760 colors=45 grid_blocks=1 block_threads=128 launches=1 coloring_ms=6.780 upload_ms=0.170 kernel_ms=494.115
[ROW-SOLVER-TIMING] rows=1760 colors=45 grid_blocks=1 block_threads=128 launches=1 coloring_ms=6.682 upload_ms=0.163 kernel_ms=496.232
[ROW-SOLVER-TIMING] rows=1760 colors=45 grid_blocks=1 block_threads=128 launches=1 coloring_ms=6.687 upload_ms=0.168 kernel_ms=495.207
[ROW-SOLVER-TIMING] rows=1760 colors=45 grid_blocks=1 block_threads=128 launches=1 coloring_ms=9.728 upload_ms=0.169 kernel_ms=496.121
[ROW-SOLVER-TIMING] rows=1760 colors=45 grid_blocks=1 block_threads=128 launches=1 coloring_ms=11.261 upload_ms=0.198 kernel_ms=492.744
[ROW-SOLVER-TIMING] rows=1760 colors=45 grid_blocks=1 block_threads=128 launches=1 coloring_ms=6.672 upload_ms=0.164 kernel_ms=494.025
[ROW-SOLVER-TIMING] rows=1760 colors=45 grid_blocks=1 block_threads=128 launches=1 coloring_ms=6.641 upload_ms=0.165 kernel_ms=493.719
[ROW-SOLVER-TIMING] rows=1760 colors=45 grid_blocks=1 block_threads=128 launches=1 coloring_ms=6.642 upload_ms=0.159 kernel_ms=494.705
[ROW-SOLVER-TIMING] rows=1760 colors=45 grid_blocks=1 block_threads=128 launches=1 coloring_ms=11.238 upload_ms=0.203 kernel_ms=494.336
[ROW-SOLVER-TIMING] rows=1760 colors=45 grid_blocks=1 block_threads=128 launches=1 coloring_ms=6.659 upload_ms=0.162 kernel_ms=494.492
[ROW-SOLVER-TIMING] rows=1760 colors=45 grid_blocks=1 block_threads=128 launches=1 coloring_ms=8.431 upload_ms=0.170 kernel_ms=496.220
[ROW-SOLVER-TIMING] rows=1760 colors=45 grid_blocks=1 block_threads=128 launches=1 coloring_ms=6.653 upload_ms=0.174 kernel_ms=492.843
[ROW-SOLVER-TIMING] rows=1760 colors=45 grid_blocks=1 block_threads=128 launches=1 coloring_ms=6.670 upload_ms=0.169 kernel_ms=493.021
[ROW-SOLVER-TIMING] rows=1760 colors=45 grid_blocks=1 block_threads=128 launches=1 coloring_ms=6.663 upload_ms=0.165 kernel_ms=494.076
[ROW-SOLVER-TIMING] rows=1760 colors=45 grid_blocks=1 block_threads=128 launches=1 coloring_ms=11.476 upload_ms=0.214 kernel_ms=493.090
[ROW-SOLVER-TIMING] rows=1760 colors=45 grid_blocks=1 block_threads=128 launches=1 coloring_ms=8.304 upload_ms=0.172 kernel_ms=493.141
[ROW-SOLVER-TIMING] rows=1760 colors=45 grid_blocks=1 block_threads=128 launches=1 coloring_ms=6.656 upload_ms=0.166 kernel_ms=492.936
[ROW-SOLVER-TIMING] rows=1760 colors=45 grid_blocks=1 block_threads=128 launches=1 coloring_ms=6.665 upload_ms=0.166 kernel_ms=492.001
[ROW-SOLVER-TIMING] rows=1760 colors=45 grid_blocks=1 block_threads=128 launches=1 coloring_ms=11.305 upload_ms=0.198 kernel_ms=493.718
[ROW-SOLVER-TIMING] rows=1760 colors=45 grid_blocks=1 block_threads=128 launches=1 coloring_ms=6.654 upload_ms=0.159 kernel_ms=493.320
[ROW-SOLVER-TIMING] rows=1760 colors=45 grid_blocks=1 block_threads=128 launches=1 coloring_ms=6.691 upload_ms=0.165 kernel_ms=492.956
[ROW-SOLVER-TIMING] rows=1760 colors=45 grid_blocks=1 block_threads=128 launches=1 coloring_ms=6.640 upload_ms=0.160 kernel_ms=493.889
[ROW-SOLVER-TIMING] rows=1760 colors=45 grid_blocks=1 block_threads=128 launches=1 coloring_ms=8.422 upload_ms=0.170 kernel_ms=492.889
[ROW-SOLVER-TIMING] rows=1760 colors=45 grid_blocks=1 block_threads=128 launches=1 coloring_ms=6.651 upload_ms=0.169 kernel_ms=494.966
[ROW-SOLVER-TIMING] rows=1760 colors=45 grid_blocks=1 block_threads=128 launches=1 coloring_ms=6.649 upload_ms=0.163 kernel_ms=491.607
[ROW-SOLVER-TIMING] rows=1760 colors=45 grid_blocks=1 block_threads=128 launches=1 coloring_ms=6.666 upload_ms=0.163 kernel_ms=494.313
[ROW-SOLVER-TIMING] rows=1760 colors=45 grid_blocks=1 block_threads=128 launches=1 coloring_ms=6.638 upload_ms=0.166 kernel_ms=491.871
[ROW-SOLVER-TIMING] rows=1760 colors=45 grid_blocks=1 block_threads=128 launches=1 coloring_ms=6.674 upload_ms=0.166 kernel_ms=491.389
[ROW-SOLVER-TIMING] rows=1760 colors=45 grid_blocks=1 block_threads=128 launches=1 coloring_ms=6.658 upload_ms=0.166 kernel_ms=491.049
[ROW-SOLVER-TIMING] rows=1760 colors=45 grid_blocks=1 block_threads=128 launches=1 coloring_ms=6.649 upload_ms=0.170 kernel_ms=491.661
[ROW-SOLVER-TIMING] rows=1760 colors=45 grid_blocks=1 block_threads=128 launches=1 coloring_ms=6.658 upload_ms=0.164 kernel_ms=492.635
[ROW-SOLVER-TIMING] rows=1760 colors=45 grid_blocks=1 block_threads=128 launches=1 coloring_ms=6.650 upload_ms=0.175 kernel_ms=492.306
[ROW-SOLVER-TIMING] rows=1760 colors=45 grid_blocks=1 block_threads=128 launches=1 coloring_ms=6.653 upload_ms=0.161 kernel_ms=493.338
[ROW-SOLVER-TIMING] rows=1760 colors=45 grid_blocks=1 block_threads=128 launches=1 coloring_ms=6.643 upload_ms=0.163 kernel_ms=493.469
[ROW-SOLVER-TIMING] rows=1760 colors=45 grid_blocks=1 block_threads=128 launches=1 coloring_ms=6.648 upload_ms=0.163 kernel_ms=493.771
[ROW-SOLVER-TIMING] rows=1760 colors=45 grid_blocks=1 block_threads=128 launches=1 coloring_ms=6.829 upload_ms=0.198 kernel_ms=491.907
[ROW-SOLVER-TIMING] rows=1760 colors=45 grid_blocks=1 block_threads=128 launches=1 coloring_ms=6.659 upload_ms=0.171 kernel_ms=492.632
[ROW-SOLVER-TIMING] rows=1760 colors=45 grid_blocks=1 block_threads=128 launches=1 coloring_ms=6.672 upload_ms=0.168 kernel_ms=492.599
[ROW-SOLVER-TIMING] rows=1760 colors=45 grid_blocks=1 block_threads=128 launches=1 coloring_ms=6.637 upload_ms=0.165 kernel_ms=491.567
[ROW-SOLVER-TIMING] rows=1760 colors=45 grid_blocks=1 block_threads=128 launches=1 coloring_ms=6.677 upload_ms=0.165 kernel_ms=492.336
[ROW-SOLVER-TIMING] rows=1760 colors=45 grid_blocks=1 block_threads=128 launches=1 coloring_ms=6.662 upload_ms=0.167 kernel_ms=493.732
[ROW-SOLVER-TIMING] rows=1760 colors=45 grid_blocks=1 block_threads=128 launches=1 coloring_ms=14.406 upload_ms=0.201 kernel_ms=492.088
[ROW-SOLVER-TIMING] rows=1760 colors=45 grid_blocks=1 block_threads=128 launches=1 coloring_ms=6.637 upload_ms=0.167 kernel_ms=493.510
[ROW-SOLVER-TIMING] rows=1760 colors=45 grid_blocks=1 block_threads=128 launches=1 coloring_ms=6.651 upload_ms=0.163 kernel_ms=492.613
[ROW-SOLVER-TIMING] rows=1760 colors=45 grid_blocks=1 block_threads=128 launches=1 coloring_ms=6.633 upload_ms=0.165 kernel_ms=493.991
[ROW-SOLVER-TIMING] rows=1760 colors=45 grid_blocks=1 block_threads=128 launches=1 coloring_ms=6.642 upload_ms=0.165 kernel_ms=492.497
[ROW-SOLVER-TIMING] rows=1760 colors=45 grid_blocks=1 block_threads=128 launches=1 coloring_ms=6.668 upload_ms=0.172 kernel_ms=491.026
[ROW-SOLVER-TIMING] rows=1920 colors=50 grid_blocks=1 block_threads=128 launches=1 coloring_ms=8.506 upload_ms=0.175 kernel_ms=547.140
[ROW-SOLVER-TIMING] rows=1920 colors=50 grid_blocks=1 block_threads=128 launches=1 coloring_ms=14.332 upload_ms=0.217 kernel_ms=548.597
[ROW-SOLVER-TIMING] rows=1920 colors=50 grid_blocks=1 block_threads=128 launches=1 coloring_ms=8.487 upload_ms=0.169 kernel_ms=550.511
[ROW-SOLVER-TIMING] rows=1920 colors=50 grid_blocks=1 block_threads=128 launches=1 coloring_ms=8.447 upload_ms=0.171 kernel_ms=547.727
[ROW-SOLVER-TIMING] rows=1920 colors=50 grid_blocks=1 block_threads=128 launches=1 coloring_ms=8.454 upload_ms=0.170 kernel_ms=553.612
[ROW-SOLVER-TIMING] rows=1920 colors=50 grid_blocks=1 block_threads=128 launches=1 coloring_ms=8.477 upload_ms=0.173 kernel_ms=552.923
[ROW-SOLVER-TIMING] rows=1920 colors=50 grid_blocks=1 block_threads=128 launches=1 coloring_ms=8.476 upload_ms=0.171 kernel_ms=554.130
[ROW-SOLVER-TIMING] rows=1920 colors=50 grid_blocks=1 block_threads=128 launches=1 coloring_ms=10.578 upload_ms=0.175 kernel_ms=557.000
[ROW-SOLVER-TIMING] rows=1920 colors=50 grid_blocks=1 block_threads=128 launches=1 coloring_ms=8.459 upload_ms=0.167 kernel_ms=558.530
[ROW-SOLVER-TIMING] rows=1920 colors=50 grid_blocks=1 block_threads=128 launches=1 coloring_ms=8.487 upload_ms=0.170 kernel_ms=557.810
[ROW-SOLVER-TIMING] rows=1920 colors=50 grid_blocks=1 block_threads=128 launches=1 coloring_ms=8.469 upload_ms=0.167 kernel_ms=557.225
[ROW-SOLVER-TIMING] rows=1920 colors=50 grid_blocks=1 block_threads=128 launches=1 coloring_ms=8.477 upload_ms=0.168 kernel_ms=557.715
[ROW-SOLVER-TIMING] rows=1920 colors=50 grid_blocks=1 block_threads=128 launches=1 coloring_ms=8.466 upload_ms=0.172 kernel_ms=559.038
[ROW-SOLVER-TIMING] rows=1920 colors=50 grid_blocks=1 block_threads=128 launches=1 coloring_ms=8.470 upload_ms=0.167 kernel_ms=561.935
[ROW-SOLVER-TIMING] rows=1920 colors=50 grid_blocks=1 block_threads=128 launches=1 coloring_ms=8.460 upload_ms=0.169 kernel_ms=562.774
[ROW-SOLVER-TIMING] rows=1920 colors=50 grid_blocks=1 block_threads=128 launches=1 coloring_ms=8.482 upload_ms=0.177 kernel_ms=563.292
[ROW-SOLVER-TIMING] rows=1920 colors=50 grid_blocks=1 block_threads=128 launches=1 coloring_ms=8.459 upload_ms=0.174 kernel_ms=564.852
[ROW-SOLVER-TIMING] rows=1920 colors=50 grid_blocks=1 block_threads=128 launches=1 coloring_ms=8.451 upload_ms=0.168 kernel_ms=563.476
[ROW-SOLVER-TIMING] rows=1920 colors=50 grid_blocks=1 block_threads=128 launches=1 coloring_ms=8.472 upload_ms=0.169 kernel_ms=560.374
[ROW-SOLVER-TIMING] rows=1920 colors=50 grid_blocks=1 block_threads=128 launches=1 coloring_ms=10.648 upload_ms=0.185 kernel_ms=565.409
[ROW-SOLVER-TIMING] rows=1920 colors=50 grid_blocks=1 block_threads=128 launches=1 coloring_ms=8.449 upload_ms=0.168 kernel_ms=565.372
[ROW-SOLVER-TIMING] rows=1920 colors=50 grid_blocks=1 block_threads=128 launches=1 coloring_ms=8.479 upload_ms=0.170 kernel_ms=568.730
[ROW-SOLVER-TIMING] rows=1920 colors=50 grid_blocks=1 block_threads=128 launches=1 coloring_ms=8.449 upload_ms=0.169 kernel_ms=567.662
[ROW-SOLVER-TIMING] rows=1920 colors=50 grid_blocks=1 block_threads=128 launches=1 coloring_ms=8.447 upload_ms=0.169 kernel_ms=566.416
[ROW-SOLVER-TIMING] rows=1920 colors=50 grid_blocks=1 block_threads=128 launches=1 coloring_ms=8.446 upload_ms=0.175 kernel_ms=567.046
[ROW-SOLVER-TIMING] rows=1920 colors=50 grid_blocks=1 block_threads=128 launches=1 coloring_ms=8.447 upload_ms=0.171 kernel_ms=564.116
[ROW-SOLVER-TIMING] rows=1760 colors=50 grid_blocks=1 block_threads=128 launches=1 coloring_ms=13.337 upload_ms=0.210 kernel_ms=567.665
[ROW-SOLVER-TIMING] rows=1760 colors=50 grid_blocks=1 block_threads=128 launches=1 coloring_ms=7.884 upload_ms=0.164 kernel_ms=569.329
[ROW-SOLVER-TIMING] rows=1920 colors=50 grid_blocks=1 block_threads=128 launches=1 coloring_ms=8.458 upload_ms=0.183 kernel_ms=567.365
[ROW-SOLVER-TIMING] rows=1920 colors=50 grid_blocks=1 block_threads=128 launches=1 coloring_ms=8.450 upload_ms=0.166 kernel_ms=569.248
[ROW-SOLVER-TIMING] rows=1760 colors=50 grid_blocks=1 block_threads=128 launches=1 coloring_ms=7.858 upload_ms=0.169 kernel_ms=567.107
[ROW-SOLVER-TIMING] rows=1760 colors=50 grid_blocks=1 block_threads=128 launches=1 coloring_ms=7.853 upload_ms=0.170 kernel_ms=563.058
[ROW-SOLVER-TIMING] rows=1920 colors=50 grid_blocks=1 block_threads=128 launches=1 coloring_ms=8.432 upload_ms=0.171 kernel_ms=564.773
[ROW-SOLVER-TIMING] rows=1760 colors=50 grid_blocks=1 block_threads=128 launches=1 coloring_ms=7.869 upload_ms=0.166 kernel_ms=563.144
[ROW-SOLVER-TIMING] rows=1760 colors=50 grid_blocks=1 block_threads=128 launches=1 coloring_ms=7.860 upload_ms=0.169 kernel_ms=562.416
[ROW-SOLVER-TIMING] rows=1920 colors=50 grid_blocks=1 block_threads=128 launches=1 coloring_ms=8.452 upload_ms=0.176 kernel_ms=571.126
[ROW-SOLVER-TIMING] rows=1920 colors=50 grid_blocks=1 block_threads=128 launches=1 coloring_ms=10.676 upload_ms=0.177 kernel_ms=572.427
[ROW-SOLVER-TIMING] rows=1760 colors=50 grid_blocks=1 block_threads=128 launches=1 coloring_ms=7.855 upload_ms=0.167 kernel_ms=562.104
[ROW-SOLVER-TIMING] rows=1760 colors=50 grid_blocks=1 block_threads=128 launches=1 coloring_ms=7.855 upload_ms=0.167 kernel_ms=566.170
[ROW-SOLVER-TIMING] rows=1760 colors=50 grid_blocks=1 block_threads=128 launches=1 coloring_ms=7.858 upload_ms=0.169 kernel_ms=564.274
[ROW-SOLVER-TIMING] rows=1920 colors=50 grid_blocks=1 block_threads=128 launches=1 coloring_ms=8.479 upload_ms=0.172 kernel_ms=568.819
[ROW-SOLVER-TIMING] rows=1920 colors=50 grid_blocks=1 block_threads=128 launches=1 coloring_ms=8.463 upload_ms=0.174 kernel_ms=570.784
[ROW-SOLVER-TIMING] rows=1760 colors=50 grid_blocks=1 block_threads=128 launches=1 coloring_ms=7.855 upload_ms=0.170 kernel_ms=565.669
[ROW-SOLVER-TIMING] rows=1760 colors=50 grid_blocks=1 block_threads=128 launches=1 coloring_ms=13.301 upload_ms=0.203 kernel_ms=568.792
[ROW-SOLVER-TIMING] rows=1920 colors=50 grid_blocks=1 block_threads=128 launches=1 coloring_ms=8.458 upload_ms=0.169 kernel_ms=569.068
[ROW-SOLVER-TIMING] rows=1920 colors=50 grid_blocks=1 block_threads=128 launches=1 coloring_ms=8.475 upload_ms=0.172 kernel_ms=565.976
[ROW-SOLVER-TIMING] rows=1760 colors=50 grid_blocks=1 block_threads=128 launches=1 coloring_ms=9.865 upload_ms=0.180 kernel_ms=560.575
[ROW-SOLVER-TIMING] rows=1920 colors=50 grid_blocks=1 block_threads=128 launches=1 coloring_ms=8.458 upload_ms=0.171 kernel_ms=564.064
[ROW-SOLVER-TIMING] rows=1920 colors=50 grid_blocks=1 block_threads=128 launches=1 coloring_ms=8.461 upload_ms=0.168 kernel_ms=567.110
[ROW-SOLVER-TIMING] rows=1760 colors=50 grid_blocks=1 block_threads=128 launches=1 coloring_ms=7.913 upload_ms=0.169 kernel_ms=568.421
[ROW-SOLVER-TIMING] rows=1920 colors=50 grid_blocks=1 block_threads=128 launches=1 coloring_ms=8.465 upload_ms=0.173 kernel_ms=567.818
[ROW-SOLVER-TIMING] rows=1920 colors=50 grid_blocks=1 block_threads=128 launches=1 coloring_ms=8.451 upload_ms=0.170 kernel_ms=568.329
[ROW-SOLVER-TIMING] rows=1920 colors=50 grid_blocks=1 block_threads=128 launches=1 coloring_ms=8.484 upload_ms=0.169 kernel_ms=565.562
[ROW-SOLVER-TIMING] rows=1920 colors=50 grid_blocks=1 block_threads=128 launches=1 coloring_ms=8.502 upload_ms=0.169 kernel_ms=566.116
[ROW-SOLVER-TIMING] rows=1920 colors=50 grid_blocks=1 block_threads=128 launches=1 coloring_ms=8.462 upload_ms=0.170 kernel_ms=564.787
[ROW-SOLVER-TIMING] rows=1920 colors=50 grid_blocks=1 block_threads=128 launches=1 coloring_ms=8.440 upload_ms=0.172 kernel_ms=563.659
[ROW-SOLVER-TIMING] rows=1920 colors=50 grid_blocks=1 block_threads=128 launches=1 coloring_ms=8.441 upload_ms=0.172 kernel_ms=563.881
[ROW-SOLVER-TIMING] rows=1920 colors=50 grid_blocks=1 block_threads=128 launches=1 coloring_ms=8.460 upload_ms=0.168 kernel_ms=565.017
[ROW-SOLVER-TIMING] rows=1920 colors=50 grid_blocks=1 block_threads=128 launches=1 coloring_ms=14.340 upload_ms=0.216 kernel_ms=564.935
[ROW-SOLVER-TIMING] rows=1920 colors=50 grid_blocks=1 block_threads=128 launches=1 coloring_ms=8.456 upload_ms=0.174 kernel_ms=564.095
[ROW-SOLVER-TIMING] rows=1920 colors=50 grid_blocks=1 block_threads=128 launches=1 coloring_ms=8.454 upload_ms=0.167 kernel_ms=562.364
[ROW-SOLVER-TIMING] rows=1920 colors=50 grid_blocks=1 block_threads=128 launches=1 coloring_ms=8.452 upload_ms=0.165 kernel_ms=561.545
[ROW-SOLVER-TIMING] rows=1920 colors=50 grid_blocks=1 block_threads=128 launches=1 coloring_ms=8.497 upload_ms=0.175 kernel_ms=560.410
[ROW-SOLVER-TIMING] rows=1920 colors=50 grid_blocks=1 block_threads=128 launches=1 coloring_ms=8.505 upload_ms=0.177 kernel_ms=561.069
[ROW-SOLVER-TIMING] rows=1920 colors=50 grid_blocks=1 block_threads=128 launches=1 coloring_ms=8.468 upload_ms=0.169 kernel_ms=561.968
[ROW-SOLVER-TIMING] rows=1920 colors=50 grid_blocks=1 block_threads=128 launches=1 coloring_ms=21.106 upload_ms=0.237 kernel_ms=561.283
[ROW-SOLVER-TIMING] rows=1920 colors=50 grid_blocks=1 block_threads=128 launches=1 coloring_ms=8.453 upload_ms=0.172 kernel_ms=560.093
[ROW-SOLVER-TIMING] rows=1920 colors=50 grid_blocks=1 block_threads=128 launches=1 coloring_ms=8.490 upload_ms=0.175 kernel_ms=556.930
[ROW-SOLVER-TIMING] rows=1920 colors=50 grid_blocks=1 block_threads=128 launches=1 coloring_ms=8.456 upload_ms=0.172 kernel_ms=561.376
[ROW-SOLVER-TIMING] rows=1920 colors=50 grid_blocks=1 block_threads=128 launches=1 coloring_ms=8.453 upload_ms=0.169 kernel_ms=555.838
[ROW-SOLVER-TIMING] rows=1920 colors=50 grid_blocks=1 block_threads=128 launches=1 coloring_ms=8.473 upload_ms=0.169 kernel_ms=549.984
[ROW-SOLVER-TIMING] rows=1920 colors=50 grid_blocks=1 block_threads=128 launches=1 coloring_ms=8.464 upload_ms=0.169 kernel_ms=548.445
[ROW-SOLVER-TIMING] rows=1920 colors=50 grid_blocks=1 block_threads=128 launches=1 coloring_ms=8.455 upload_ms=0.172 kernel_ms=547.174
[ROW-SOLVER-TIMING] rows=1920 colors=50 grid_blocks=1 block_threads=128 launches=1 coloring_ms=8.488 upload_ms=0.168 kernel_ms=545.092
[ROW-SOLVER-TIMING] rows=1920 colors=50 grid_blocks=1 block_threads=128 launches=1 coloring_ms=8.456 upload_ms=0.169 kernel_ms=544.764
[ROW-SOLVER-TIMING] rows=1920 colors=50 grid_blocks=1 block_threads=128 launches=1 coloring_ms=8.454 upload_ms=0.166 kernel_ms=542.570
[ROW-SOLVER-TIMING] rows=1920 colors=50 grid_blocks=1 block_threads=128 launches=1 coloring_ms=8.458 upload_ms=0.167 kernel_ms=541.582
[ROW-SOLVER-TIMING] rows=1920 colors=50 grid_blocks=1 block_threads=128 launches=1 coloring_ms=8.488 upload_ms=0.168 kernel_ms=542.527
[ROW-SOLVER-TIMING] rows=1920 colors=50 grid_blocks=1 block_threads=128 launches=1 coloring_ms=8.458 upload_ms=0.167 kernel_ms=541.029
[ROW-SOLVER-TIMING] rows=1920 colors=50 grid_blocks=1 block_threads=128 launches=1 coloring_ms=8.449 upload_ms=0.167 kernel_ms=540.765
[ROW-SOLVER-TIMING] rows=1920 colors=50 grid_blocks=1 block_threads=128 launches=1 coloring_ms=8.452 upload_ms=0.165 kernel_ms=537.495
[ROW-SOLVER-TIMING] rows=1920 colors=50 grid_blocks=1 block_threads=128 launches=1 coloring_ms=8.530 upload_ms=0.171 kernel_ms=535.945
[UNION-PERF V1 N=32 K=200 rep=0] env_steps_per_sec=50.2 ms_per_step=636.856 regime_start{foot=4,finger=30,table=2} regime_end{foot=4,finger=6,table=2}
[ROW-SOLVER-TIMING] rows=6080 colors=170 grid_blocks=1 block_threads=128 launches=1 coloring_ms=178.415 upload_ms=0.376 kernel_ms=1410.282
[ROW-SOLVER-TIMING] rows=5920 colors=170 grid_blocks=1 block_threads=128 launches=1 coloring_ms=137.844 upload_ms=0.305 kernel_ms=1421.496
[ROW-SOLVER-TIMING] rows=5920 colors=170 grid_blocks=1 block_threads=128 launches=1 coloring_ms=138.091 upload_ms=0.309 kernel_ms=1403.967
[ROW-SOLVER-TIMING] rows=5760 colors=170 grid_blocks=1 block_threads=128 launches=1 coloring_ms=136.296 upload_ms=0.860 kernel_ms=1386.707
[ROW-SOLVER-TIMING] rows=5760 colors=170 grid_blocks=1 block_threads=128 launches=1 coloring_ms=136.060 upload_ms=0.363 kernel_ms=1375.906
[ROW-SOLVER-TIMING] rows=5760 colors=170 grid_blocks=1 block_threads=128 launches=1 coloring_ms=135.228 upload_ms=0.308 kernel_ms=1356.863
[ROW-SOLVER-TIMING] rows=5760 colors=170 grid_blocks=1 block_threads=128 launches=1 coloring_ms=148.991 upload_ms=0.333 kernel_ms=1330.207
[ROW-SOLVER-TIMING] rows=5760 colors=170 grid_blocks=1 block_threads=128 launches=1 coloring_ms=135.117 upload_ms=0.308 kernel_ms=1344.855
[ROW-SOLVER-TIMING] rows=5760 colors=170 grid_blocks=1 block_threads=128 launches=1 coloring_ms=175.894 upload_ms=0.305 kernel_ms=1384.036
[ROW-SOLVER-TIMING] rows=5760 colors=170 grid_blocks=1 block_threads=128 launches=1 coloring_ms=135.132 upload_ms=0.307 kernel_ms=1317.732
[ROW-SOLVER-TIMING] rows=5600 colors=170 grid_blocks=1 block_threads=128 launches=1 coloring_ms=132.841 upload_ms=0.302 kernel_ms=1299.360
[ROW-SOLVER-TIMING] rows=5600 colors=170 grid_blocks=1 block_threads=128 launches=1 coloring_ms=132.738 upload_ms=0.305 kernel_ms=1285.436
[ROW-SOLVER-TIMING] rows=5280 colors=160 grid_blocks=1 block_threads=128 launches=1 coloring_ms=114.687 upload_ms=0.286 kernel_ms=1723.831
[ROW-SOLVER-TIMING] rows=5280 colors=155 grid_blocks=1 block_threads=128 launches=1 coloring_ms=108.126 upload_ms=0.282 kernel_ms=1298.743
[ROW-SOLVER-TIMING] rows=5120 colors=150 grid_blocks=1 block_threads=128 launches=1 coloring_ms=100.171 upload_ms=0.286 kernel_ms=1250.619
[ROW-SOLVER-TIMING] rows=4800 colors=145 grid_blocks=1 block_threads=128 launches=1 coloring_ms=90.720 upload_ms=0.272 kernel_ms=1240.686
[ROW-SOLVER-TIMING] rows=4640 colors=140 grid_blocks=1 block_threads=128 launches=1 coloring_ms=88.762 upload_ms=0.701 kernel_ms=1230.150
[ROW-SOLVER-TIMING] rows=4480 colors=135 grid_blocks=1 block_threads=128 launches=1 coloring_ms=111.239 upload_ms=0.267 kernel_ms=1223.806
[ROW-SOLVER-TIMING] rows=4160 colors=125 grid_blocks=1 block_threads=128 launches=1 coloring_ms=63.941 upload_ms=0.252 kernel_ms=1089.512
[ROW-SOLVER-TIMING] rows=3840 colors=115 grid_blocks=1 block_threads=128 launches=1 coloring_ms=52.802 upload_ms=0.232 kernel_ms=1021.489
[ROW-SOLVER-TIMING] rows=4000 colors=115 grid_blocks=1 block_threads=128 launches=1 coloring_ms=54.489 upload_ms=0.247 kernel_ms=1051.719
[ROW-SOLVER-TIMING] rows=4000 colors=115 grid_blocks=1 block_threads=128 launches=1 coloring_ms=54.340 upload_ms=0.238 kernel_ms=1015.121
[ROW-SOLVER-TIMING] rows=3680 colors=110 grid_blocks=1 block_threads=128 launches=1 coloring_ms=59.783 upload_ms=0.245 kernel_ms=938.001
[ROW-SOLVER-TIMING] rows=3520 colors=105 grid_blocks=1 block_threads=128 launches=1 coloring_ms=43.120 upload_ms=0.222 kernel_ms=885.322
[ROW-SOLVER-TIMING] rows=3360 colors=100 grid_blocks=1 block_threads=128 launches=1 coloring_ms=61.609 upload_ms=0.285 kernel_ms=847.028
[ROW-SOLVER-TIMING] rows=3040 colors=90 grid_blocks=1 block_threads=128 launches=1 coloring_ms=30.320 upload_ms=0.211 kernel_ms=790.663
[ROW-SOLVER-TIMING] rows=2720 colors=80 grid_blocks=1 block_threads=128 launches=1 coloring_ms=23.021 upload_ms=0.203 kernel_ms=782.781
[ROW-SOLVER-TIMING] rows=2400 colors=75 grid_blocks=1 block_threads=128 launches=1 coloring_ms=18.856 upload_ms=0.202 kernel_ms=715.227
[ROW-SOLVER-TIMING] rows=2560 colors=75 grid_blocks=1 block_threads=128 launches=1 coloring_ms=19.664 upload_ms=0.197 kernel_ms=706.700
[ROW-SOLVER-TIMING] rows=2400 colors=70 grid_blocks=1 block_threads=128 launches=1 coloring_ms=16.908 upload_ms=0.189 kernel_ms=648.473
[ROW-SOLVER-TIMING] rows=2240 colors=65 grid_blocks=1 block_threads=128 launches=1 coloring_ms=14.367 upload_ms=0.190 kernel_ms=607.825
[ROW-SOLVER-TIMING] rows=2240 colors=65 grid_blocks=1 block_threads=128 launches=1 coloring_ms=14.387 upload_ms=0.183 kernel_ms=564.310
[ROW-SOLVER-TIMING] rows=2240 colors=65 grid_blocks=1 block_threads=128 launches=1 coloring_ms=14.355 upload_ms=0.190 kernel_ms=547.939
[ROW-SOLVER-TIMING] rows=2240 colors=65 grid_blocks=1 block_threads=128 launches=1 coloring_ms=14.397 upload_ms=0.193 kernel_ms=589.435
[ROW-SOLVER-TIMING] rows=2240 colors=65 grid_blocks=1 block_threads=128 launches=1 coloring_ms=14.342 upload_ms=0.185 kernel_ms=554.527
[ROW-SOLVER-TIMING] rows=2080 colors=65 grid_blocks=1 block_threads=128 launches=1 coloring_ms=13.649 upload_ms=0.182 kernel_ms=559.879
[ROW-SOLVER-TIMING] rows=2080 colors=65 grid_blocks=1 block_threads=128 launches=1 coloring_ms=13.624 upload_ms=0.184 kernel_ms=564.201
[ROW-SOLVER-TIMING] rows=2080 colors=65 grid_blocks=1 block_threads=128 launches=1 coloring_ms=13.636 upload_ms=0.180 kernel_ms=546.705
[ROW-SOLVER-TIMING] rows=2080 colors=65 grid_blocks=1 block_threads=128 launches=1 coloring_ms=13.642 upload_ms=0.183 kernel_ms=544.200
[ROW-SOLVER-TIMING] rows=2080 colors=65 grid_blocks=1 block_threads=128 launches=1 coloring_ms=25.520 upload_ms=0.219 kernel_ms=570.987
[ROW-SOLVER-TIMING] rows=1920 colors=60 grid_blocks=1 block_threads=128 launches=1 coloring_ms=11.333 upload_ms=0.172 kernel_ms=569.985
[ROW-SOLVER-TIMING] rows=1920 colors=60 grid_blocks=1 block_threads=128 launches=1 coloring_ms=11.342 upload_ms=0.176 kernel_ms=568.486
[ROW-SOLVER-TIMING] rows=2080 colors=60 grid_blocks=1 block_threads=128 launches=1 coloring_ms=12.038 upload_ms=0.182 kernel_ms=561.222
[ROW-SOLVER-TIMING] rows=2080 colors=60 grid_blocks=1 block_threads=128 launches=1 coloring_ms=12.076 upload_ms=0.176 kernel_ms=571.165
[ROW-SOLVER-TIMING] rows=2080 colors=60 grid_blocks=1 block_threads=128 launches=1 coloring_ms=29.995 upload_ms=0.243 kernel_ms=569.872
[ROW-SOLVER-TIMING] rows=2080 colors=60 grid_blocks=1 block_threads=128 launches=1 coloring_ms=12.046 upload_ms=0.179 kernel_ms=569.328
[ROW-SOLVER-TIMING] rows=2080 colors=60 grid_blocks=1 block_threads=128 launches=1 coloring_ms=12.049 upload_ms=0.174 kernel_ms=570.095
[ROW-SOLVER-TIMING] rows=2080 colors=60 grid_blocks=1 block_threads=128 launches=1 coloring_ms=15.048 upload_ms=0.183 kernel_ms=570.413
[ROW-SOLVER-TIMING] rows=2080 colors=60 grid_blocks=1 block_threads=128 launches=1 coloring_ms=12.023 upload_ms=0.179 kernel_ms=573.445
[ROW-SOLVER-TIMING] rows=1920 colors=55 grid_blocks=1 block_threads=128 launches=1 coloring_ms=9.897 upload_ms=0.174 kernel_ms=540.893
[ROW-SOLVER-TIMING] rows=1920 colors=55 grid_blocks=1 block_threads=128 launches=1 coloring_ms=9.898 upload_ms=0.173 kernel_ms=542.626
[ROW-SOLVER-TIMING] rows=1920 colors=55 grid_blocks=1 block_threads=128 launches=1 coloring_ms=12.974 upload_ms=0.405 kernel_ms=546.698
[ROW-SOLVER-TIMING] rows=1920 colors=55 grid_blocks=1 block_threads=128 launches=1 coloring_ms=9.874 upload_ms=0.177 kernel_ms=547.114
[ROW-SOLVER-TIMING] rows=1920 colors=55 grid_blocks=1 block_threads=128 launches=1 coloring_ms=24.913 upload_ms=0.236 kernel_ms=545.292
[ROW-SOLVER-TIMING] rows=1920 colors=55 grid_blocks=1 block_threads=128 launches=1 coloring_ms=9.917 upload_ms=0.172 kernel_ms=550.491
[ROW-SOLVER-TIMING] rows=1920 colors=55 grid_blocks=1 block_threads=128 launches=1 coloring_ms=9.878 upload_ms=0.168 kernel_ms=553.660
[ROW-SOLVER-TIMING] rows=1920 colors=55 grid_blocks=1 block_threads=128 launches=1 coloring_ms=9.912 upload_ms=0.170 kernel_ms=555.601
[ROW-SOLVER-TIMING] rows=1920 colors=55 grid_blocks=1 block_threads=128 launches=1 coloring_ms=9.879 upload_ms=0.167 kernel_ms=554.975
[ROW-SOLVER-TIMING] rows=1920 colors=55 grid_blocks=1 block_threads=128 launches=1 coloring_ms=9.870 upload_ms=0.169 kernel_ms=556.275
[ROW-SOLVER-TIMING] rows=1920 colors=55 grid_blocks=1 block_threads=128 launches=1 coloring_ms=13.104 upload_ms=0.195 kernel_ms=558.399
[ROW-SOLVER-TIMING] rows=1920 colors=55 grid_blocks=1 block_threads=128 launches=1 coloring_ms=9.909 upload_ms=0.175 kernel_ms=556.881
[ROW-SOLVER-TIMING] rows=1920 colors=55 grid_blocks=1 block_threads=128 launches=1 coloring_ms=9.893 upload_ms=0.177 kernel_ms=557.981
[ROW-SOLVER-TIMING] rows=1920 colors=55 grid_blocks=1 block_threads=128 launches=1 coloring_ms=9.907 upload_ms=0.181 kernel_ms=560.094
[ROW-SOLVER-TIMING] rows=1920 colors=55 grid_blocks=1 block_threads=128 launches=1 coloring_ms=9.954 upload_ms=0.179 kernel_ms=561.775
[ROW-SOLVER-TIMING] rows=1920 colors=55 grid_blocks=1 block_threads=128 launches=1 coloring_ms=9.894 upload_ms=0.172 kernel_ms=559.188
[ROW-SOLVER-TIMING] rows=1920 colors=50 grid_blocks=1 block_threads=128 launches=1 coloring_ms=13.814 upload_ms=0.186 kernel_ms=528.913
[ROW-SOLVER-TIMING] rows=1920 colors=50 grid_blocks=1 block_threads=128 launches=1 coloring_ms=8.523 upload_ms=0.172 kernel_ms=535.429
[ROW-SOLVER-TIMING] rows=1920 colors=50 grid_blocks=1 block_threads=128 launches=1 coloring_ms=8.455 upload_ms=0.172 kernel_ms=537.142
[ROW-SOLVER-TIMING] rows=1920 colors=50 grid_blocks=1 block_threads=128 launches=1 coloring_ms=8.460 upload_ms=0.168 kernel_ms=534.985
[ROW-SOLVER-TIMING] rows=1920 colors=50 grid_blocks=1 block_threads=128 launches=1 coloring_ms=8.441 upload_ms=0.165 kernel_ms=529.813
[ROW-SOLVER-TIMING] rows=1920 colors=50 grid_blocks=1 block_threads=128 launches=1 coloring_ms=14.360 upload_ms=0.205 kernel_ms=527.370
[ROW-SOLVER-TIMING] rows=1920 colors=50 grid_blocks=1 block_threads=128 launches=1 coloring_ms=8.454 upload_ms=0.171 kernel_ms=523.839
[ROW-SOLVER-TIMING] rows=1920 colors=50 grid_blocks=1 block_threads=128 launches=1 coloring_ms=8.459 upload_ms=0.173 kernel_ms=519.992
[ROW-SOLVER-TIMING] rows=1920 colors=50 grid_blocks=1 block_threads=128 launches=1 coloring_ms=8.487 upload_ms=0.172 kernel_ms=522.422
[ROW-SOLVER-TIMING] rows=1920 colors=50 grid_blocks=1 block_threads=128 launches=1 coloring_ms=8.452 upload_ms=0.172 kernel_ms=522.015
[ROW-SOLVER-TIMING] rows=1920 colors=50 grid_blocks=1 block_threads=128 launches=1 coloring_ms=8.475 upload_ms=0.169 kernel_ms=524.566
[ROW-SOLVER-TIMING] rows=1920 colors=50 grid_blocks=1 block_threads=128 launches=1 coloring_ms=8.471 upload_ms=0.168 kernel_ms=524.313
[ROW-SOLVER-TIMING] rows=1920 colors=50 grid_blocks=1 block_threads=128 launches=1 coloring_ms=8.448 upload_ms=0.167 kernel_ms=526.928
[ROW-SOLVER-TIMING] rows=1760 colors=45 grid_blocks=1 block_threads=128 launches=1 coloring_ms=6.658 upload_ms=0.162 kernel_ms=493.588
[ROW-SOLVER-TIMING] rows=1760 colors=45 grid_blocks=1 block_threads=128 launches=1 coloring_ms=6.640 upload_ms=0.161 kernel_ms=492.084
[ROW-SOLVER-TIMING] rows=1760 colors=45 grid_blocks=1 block_threads=128 launches=1 coloring_ms=6.646 upload_ms=0.178 kernel_ms=494.635
[ROW-SOLVER-TIMING] rows=1760 colors=45 grid_blocks=1 block_threads=128 launches=1 coloring_ms=6.670 upload_ms=0.167 kernel_ms=496.607
[ROW-SOLVER-TIMING] rows=1760 colors=45 grid_blocks=1 block_threads=128 launches=1 coloring_ms=6.643 upload_ms=0.163 kernel_ms=495.049
[ROW-SOLVER-TIMING] rows=1760 colors=45 grid_blocks=1 block_threads=128 launches=1 coloring_ms=7.289 upload_ms=0.170 kernel_ms=496.405
[ROW-SOLVER-TIMING] rows=1760 colors=45 grid_blocks=1 block_threads=128 launches=1 coloring_ms=6.650 upload_ms=0.164 kernel_ms=492.775
[ROW-SOLVER-TIMING] rows=1760 colors=45 grid_blocks=1 block_threads=128 launches=1 coloring_ms=6.659 upload_ms=0.165 kernel_ms=494.118
[ROW-SOLVER-TIMING] rows=1760 colors=45 grid_blocks=1 block_threads=128 launches=1 coloring_ms=6.649 upload_ms=0.164 kernel_ms=493.691
[ROW-SOLVER-TIMING] rows=1760 colors=45 grid_blocks=1 block_threads=128 launches=1 coloring_ms=6.650 upload_ms=0.163 kernel_ms=494.563
[ROW-SOLVER-TIMING] rows=1760 colors=45 grid_blocks=1 block_threads=128 launches=1 coloring_ms=6.687 upload_ms=0.163 kernel_ms=494.242
[ROW-SOLVER-TIMING] rows=1760 colors=45 grid_blocks=1 block_threads=128 launches=1 coloring_ms=6.643 upload_ms=0.165 kernel_ms=494.245
[ROW-SOLVER-TIMING] rows=1760 colors=45 grid_blocks=1 block_threads=128 launches=1 coloring_ms=6.667 upload_ms=0.162 kernel_ms=495.951
[ROW-SOLVER-TIMING] rows=1760 colors=45 grid_blocks=1 block_threads=128 launches=1 coloring_ms=6.651 upload_ms=0.163 kernel_ms=493.039
[ROW-SOLVER-TIMING] rows=1760 colors=45 grid_blocks=1 block_threads=128 launches=1 coloring_ms=6.636 upload_ms=0.163 kernel_ms=493.161
[ROW-SOLVER-TIMING] rows=1760 colors=45 grid_blocks=1 block_threads=128 launches=1 coloring_ms=6.690 upload_ms=0.162 kernel_ms=494.314
[ROW-SOLVER-TIMING] rows=1760 colors=45 grid_blocks=1 block_threads=128 launches=1 coloring_ms=6.649 upload_ms=0.163 kernel_ms=493.804
[ROW-SOLVER-TIMING] rows=1760 colors=45 grid_blocks=1 block_threads=128 launches=1 coloring_ms=6.645 upload_ms=0.163 kernel_ms=493.663
[ROW-SOLVER-TIMING] rows=1760 colors=45 grid_blocks=1 block_threads=128 launches=1 coloring_ms=6.656 upload_ms=0.171 kernel_ms=493.029
[ROW-SOLVER-TIMING] rows=1760 colors=45 grid_blocks=1 block_threads=128 launches=1 coloring_ms=6.660 upload_ms=0.166 kernel_ms=492.101
[ROW-SOLVER-TIMING] rows=1760 colors=45 grid_blocks=1 block_threads=128 launches=1 coloring_ms=6.640 upload_ms=0.162 kernel_ms=493.988
[ROW-SOLVER-TIMING] rows=1760 colors=45 grid_blocks=1 block_threads=128 launches=1 coloring_ms=6.643 upload_ms=0.162 kernel_ms=493.463
[ROW-SOLVER-TIMING] rows=1760 colors=45 grid_blocks=1 block_threads=128 launches=1 coloring_ms=6.663 upload_ms=0.162 kernel_ms=493.078
[ROW-SOLVER-TIMING] rows=1760 colors=45 grid_blocks=1 block_threads=128 launches=1 coloring_ms=6.664 upload_ms=0.170 kernel_ms=493.806
[ROW-SOLVER-TIMING] rows=1760 colors=45 grid_blocks=1 block_threads=128 launches=1 coloring_ms=6.635 upload_ms=0.162 kernel_ms=493.258
[ROW-SOLVER-TIMING] rows=1760 colors=45 grid_blocks=1 block_threads=128 launches=1 coloring_ms=6.652 upload_ms=0.162 kernel_ms=495.021
[ROW-SOLVER-TIMING] rows=1760 colors=45 grid_blocks=1 block_threads=128 launches=1 coloring_ms=6.637 upload_ms=0.159 kernel_ms=491.725
[ROW-SOLVER-TIMING] rows=1760 colors=45 grid_blocks=1 block_threads=128 launches=1 coloring_ms=6.652 upload_ms=0.163 kernel_ms=494.223
[ROW-SOLVER-TIMING] rows=1760 colors=45 grid_blocks=1 block_threads=128 launches=1 coloring_ms=6.678 upload_ms=0.160 kernel_ms=491.924
[ROW-SOLVER-TIMING] rows=1760 colors=45 grid_blocks=1 block_threads=128 launches=1 coloring_ms=6.648 upload_ms=0.163 kernel_ms=491.319
[ROW-SOLVER-TIMING] rows=1760 colors=45 grid_blocks=1 block_threads=128 launches=1 coloring_ms=6.658 upload_ms=0.167 kernel_ms=491.206
[ROW-SOLVER-TIMING] rows=1760 colors=45 grid_blocks=1 block_threads=128 launches=1 coloring_ms=14.699 upload_ms=0.231 kernel_ms=491.996
[ROW-SOLVER-TIMING] rows=1760 colors=45 grid_blocks=1 block_threads=128 launches=1 coloring_ms=6.641 upload_ms=0.162 kernel_ms=492.348
[ROW-SOLVER-TIMING] rows=1760 colors=45 grid_blocks=1 block_threads=128 launches=1 coloring_ms=6.667 upload_ms=0.166 kernel_ms=492.232
[ROW-SOLVER-TIMING] rows=1760 colors=45 grid_blocks=1 block_threads=128 launches=1 coloring_ms=6.647 upload_ms=0.166 kernel_ms=493.297
[ROW-SOLVER-TIMING] rows=1760 colors=45 grid_blocks=1 block_threads=128 launches=1 coloring_ms=6.643 upload_ms=0.165 kernel_ms=493.318
[ROW-SOLVER-TIMING] rows=1760 colors=45 grid_blocks=1 block_threads=128 launches=1 coloring_ms=6.659 upload_ms=0.167 kernel_ms=493.573
[ROW-SOLVER-TIMING] rows=1760 colors=45 grid_blocks=1 block_threads=128 launches=1 coloring_ms=6.682 upload_ms=0.170 kernel_ms=492.171
[ROW-SOLVER-TIMING] rows=1760 colors=45 grid_blocks=1 block_threads=128 launches=1 coloring_ms=6.651 upload_ms=0.165 kernel_ms=492.589
[ROW-SOLVER-TIMING] rows=1760 colors=45 grid_blocks=1 block_threads=128 launches=1 coloring_ms=6.681 upload_ms=0.166 kernel_ms=492.619
[ROW-SOLVER-TIMING] rows=1760 colors=45 grid_blocks=1 block_threads=128 launches=1 coloring_ms=8.325 upload_ms=0.176 kernel_ms=491.660
[ROW-SOLVER-TIMING] rows=1760 colors=45 grid_blocks=1 block_threads=128 launches=1 coloring_ms=6.642 upload_ms=0.164 kernel_ms=492.322
[ROW-SOLVER-TIMING] rows=1760 colors=45 grid_blocks=1 block_threads=128 launches=1 coloring_ms=6.659 upload_ms=0.170 kernel_ms=494.120
[ROW-SOLVER-TIMING] rows=1760 colors=45 grid_blocks=1 block_threads=128 launches=1 coloring_ms=6.634 upload_ms=0.179 kernel_ms=492.149
[ROW-SOLVER-TIMING] rows=1760 colors=45 grid_blocks=1 block_threads=128 launches=1 coloring_ms=6.672 upload_ms=0.172 kernel_ms=493.339
[ROW-SOLVER-TIMING] rows=1760 colors=45 grid_blocks=1 block_threads=128 launches=1 coloring_ms=6.637 upload_ms=0.164 kernel_ms=492.277
[ROW-SOLVER-TIMING] rows=1760 colors=45 grid_blocks=1 block_threads=128 launches=1 coloring_ms=6.659 upload_ms=0.164 kernel_ms=493.945
[ROW-SOLVER-TIMING] rows=1760 colors=45 grid_blocks=1 block_threads=128 launches=1 coloring_ms=6.660 upload_ms=0.164 kernel_ms=492.908
[ROW-SOLVER-TIMING] rows=1760 colors=45 grid_blocks=1 block_threads=128 launches=1 coloring_ms=6.656 upload_ms=0.164 kernel_ms=491.408
[ROW-SOLVER-TIMING] rows=1920 colors=50 grid_blocks=1 block_threads=128 launches=1 coloring_ms=8.461 upload_ms=0.171 kernel_ms=547.467
[ROW-SOLVER-TIMING] rows=1920 colors=50 grid_blocks=1 block_threads=128 launches=1 coloring_ms=8.477 upload_ms=0.168 kernel_ms=548.844
[ROW-SOLVER-TIMING] rows=1920 colors=50 grid_blocks=1 block_threads=128 launches=1 coloring_ms=8.460 upload_ms=0.171 kernel_ms=550.812
[ROW-SOLVER-TIMING] rows=1920 colors=50 grid_blocks=1 block_threads=128 launches=1 coloring_ms=8.480 upload_ms=0.171 kernel_ms=548.274
[ROW-SOLVER-TIMING] rows=1920 colors=50 grid_blocks=1 block_threads=128 launches=1 coloring_ms=8.454 upload_ms=0.169 kernel_ms=553.412
[ROW-SOLVER-TIMING] rows=1920 colors=50 grid_blocks=1 block_threads=128 launches=1 coloring_ms=8.441 upload_ms=0.167 kernel_ms=553.184
[ROW-SOLVER-TIMING] rows=1920 colors=50 grid_blocks=1 block_threads=128 launches=1 coloring_ms=8.462 upload_ms=0.173 kernel_ms=554.273
[ROW-SOLVER-TIMING] rows=1920 colors=50 grid_blocks=1 block_threads=128 launches=1 coloring_ms=8.469 upload_ms=0.168 kernel_ms=557.198
[ROW-SOLVER-TIMING] rows=1920 colors=50 grid_blocks=1 block_threads=128 launches=1 coloring_ms=14.343 upload_ms=0.197 kernel_ms=558.625
[ROW-SOLVER-TIMING] rows=1920 colors=50 grid_blocks=1 block_threads=128 launches=1 coloring_ms=8.441 upload_ms=0.167 kernel_ms=557.865
[ROW-SOLVER-TIMING] rows=1920 colors=50 grid_blocks=1 block_threads=128 launches=1 coloring_ms=8.449 upload_ms=0.164 kernel_ms=557.323
[ROW-SOLVER-TIMING] rows=1920 colors=50 grid_blocks=1 block_threads=128 launches=1 coloring_ms=10.654 upload_ms=0.178 kernel_ms=558.114
[ROW-SOLVER-TIMING] rows=1920 colors=50 grid_blocks=1 block_threads=128 launches=1 coloring_ms=19.403 upload_ms=0.268 kernel_ms=559.437
[ROW-SOLVER-TIMING] rows=1920 colors=50 grid_blocks=1 block_threads=128 launches=1 coloring_ms=8.505 upload_ms=0.174 kernel_ms=562.285
[ROW-SOLVER-TIMING] rows=1920 colors=50 grid_blocks=1 block_threads=128 launches=1 coloring_ms=8.481 upload_ms=0.168 kernel_ms=562.718
[ROW-SOLVER-TIMING] rows=1920 colors=50 grid_blocks=1 block_threads=128 launches=1 coloring_ms=8.485 upload_ms=0.184 kernel_ms=563.436
[ROW-SOLVER-TIMING] rows=1920 colors=50 grid_blocks=1 block_threads=128 launches=1 coloring_ms=8.446 upload_ms=0.179 kernel_ms=565.101
[ROW-SOLVER-TIMING] rows=1920 colors=50 grid_blocks=1 block_threads=128 launches=1 coloring_ms=8.466 upload_ms=0.167 kernel_ms=563.864
[ROW-SOLVER-TIMING] rows=1920 colors=50 grid_blocks=1 block_threads=128 launches=1 coloring_ms=8.481 upload_ms=0.166 kernel_ms=560.342
[ROW-SOLVER-TIMING] rows=1920 colors=50 grid_blocks=1 block_threads=128 launches=1 coloring_ms=8.451 upload_ms=0.171 kernel_ms=565.627
[ROW-SOLVER-TIMING] rows=1920 colors=50 grid_blocks=1 block_threads=128 launches=1 coloring_ms=8.447 upload_ms=0.168 kernel_ms=565.350
[ROW-SOLVER-TIMING] rows=1920 colors=50 grid_blocks=1 block_threads=128 launches=1 coloring_ms=8.477 upload_ms=0.167 kernel_ms=568.498
[ROW-SOLVER-TIMING] rows=1920 colors=50 grid_blocks=1 block_threads=128 launches=1 coloring_ms=8.480 upload_ms=0.175 kernel_ms=567.641
[ROW-SOLVER-TIMING] rows=1920 colors=50 grid_blocks=1 block_threads=128 launches=1 coloring_ms=10.567 upload_ms=0.177 kernel_ms=566.324
[ROW-SOLVER-TIMING] rows=1920 colors=50 grid_blocks=1 block_threads=128 launches=1 coloring_ms=8.447 upload_ms=0.172 kernel_ms=567.366
[ROW-SOLVER-TIMING] rows=1920 colors=50 grid_blocks=1 block_threads=128 launches=1 coloring_ms=8.491 upload_ms=0.171 kernel_ms=564.304
[ROW-SOLVER-TIMING] rows=1760 colors=50 grid_blocks=1 block_threads=128 launches=1 coloring_ms=7.853 upload_ms=0.168 kernel_ms=567.522
[ROW-SOLVER-TIMING] rows=1760 colors=50 grid_blocks=1 block_threads=128 launches=1 coloring_ms=7.850 upload_ms=0.167 kernel_ms=569.114
[ROW-SOLVER-TIMING] rows=1920 colors=50 grid_blocks=1 block_threads=128 launches=1 coloring_ms=8.564 upload_ms=0.252 kernel_ms=567.125
[ROW-SOLVER-TIMING] rows=1920 colors=50 grid_blocks=1 block_threads=128 launches=1 coloring_ms=8.479 upload_ms=0.168 kernel_ms=569.377
[ROW-SOLVER-TIMING] rows=1760 colors=50 grid_blocks=1 block_threads=128 launches=1 coloring_ms=7.864 upload_ms=0.168 kernel_ms=567.123
[ROW-SOLVER-TIMING] rows=1760 colors=50 grid_blocks=1 block_threads=128 launches=1 coloring_ms=7.889 upload_ms=0.165 kernel_ms=563.549
[ROW-SOLVER-TIMING] rows=1920 colors=50 grid_blocks=1 block_threads=128 launches=1 coloring_ms=8.497 upload_ms=0.169 kernel_ms=564.940
[ROW-SOLVER-TIMING] rows=1760 colors=50 grid_blocks=1 block_threads=128 launches=1 coloring_ms=7.868 upload_ms=0.165 kernel_ms=562.930
[ROW-SOLVER-TIMING] rows=1760 colors=50 grid_blocks=1 block_threads=128 launches=1 coloring_ms=7.853 upload_ms=0.165 kernel_ms=562.561
[ROW-SOLVER-TIMING] rows=1920 colors=50 grid_blocks=1 block_threads=128 launches=1 coloring_ms=8.493 upload_ms=0.163 kernel_ms=571.079
[ROW-SOLVER-TIMING] rows=1920 colors=50 grid_blocks=1 block_threads=128 launches=1 coloring_ms=8.482 upload_ms=0.169 kernel_ms=572.673
[ROW-SOLVER-TIMING] rows=1760 colors=50 grid_blocks=1 block_threads=128 launches=1 coloring_ms=12.718 upload_ms=0.322 kernel_ms=562.344
[ROW-SOLVER-TIMING] rows=1760 colors=50 grid_blocks=1 block_threads=128 launches=1 coloring_ms=7.887 upload_ms=0.177 kernel_ms=565.763
[ROW-SOLVER-TIMING] rows=1760 colors=50 grid_blocks=1 block_threads=128 launches=1 coloring_ms=7.862 upload_ms=0.165 kernel_ms=564.363
[ROW-SOLVER-TIMING] rows=1920 colors=50 grid_blocks=1 block_threads=128 launches=1 coloring_ms=8.444 upload_ms=0.168 kernel_ms=568.779
[ROW-SOLVER-TIMING] rows=1920 colors=50 grid_blocks=1 block_threads=128 launches=1 coloring_ms=8.468 upload_ms=0.166 kernel_ms=570.845
[ROW-SOLVER-TIMING] rows=1760 colors=50 grid_blocks=1 block_threads=128 launches=1 coloring_ms=7.881 upload_ms=0.164 kernel_ms=565.550
[ROW-SOLVER-TIMING] rows=1760 colors=50 grid_blocks=1 block_threads=128 launches=1 coloring_ms=7.891 upload_ms=0.170 kernel_ms=568.800
[ROW-SOLVER-TIMING] rows=1920 colors=50 grid_blocks=1 block_threads=128 launches=1 coloring_ms=8.440 upload_ms=0.166 kernel_ms=569.426
[ROW-SOLVER-TIMING] rows=1920 colors=50 grid_blocks=1 block_threads=128 launches=1 coloring_ms=8.453 upload_ms=0.167 kernel_ms=565.896
[ROW-SOLVER-TIMING] rows=1760 colors=50 grid_blocks=1 block_threads=128 launches=1 coloring_ms=7.870 upload_ms=0.168 kernel_ms=560.959
[ROW-SOLVER-TIMING] rows=1920 colors=50 grid_blocks=1 block_threads=128 launches=1 coloring_ms=8.458 upload_ms=0.170 kernel_ms=563.823
[ROW-SOLVER-TIMING] rows=1920 colors=50 grid_blocks=1 block_threads=128 launches=1 coloring_ms=8.449 upload_ms=0.170 kernel_ms=567.660
[ROW-SOLVER-TIMING] rows=1760 colors=50 grid_blocks=1 block_threads=128 launches=1 coloring_ms=7.880 upload_ms=0.171 kernel_ms=568.875
[ROW-SOLVER-TIMING] rows=1920 colors=50 grid_blocks=1 block_threads=128 launches=1 coloring_ms=8.450 upload_ms=0.165 kernel_ms=568.315
[ROW-SOLVER-TIMING] rows=1920 colors=50 grid_blocks=1 block_threads=128 launches=1 coloring_ms=8.444 upload_ms=0.165 kernel_ms=568.277
[ROW-SOLVER-TIMING] rows=1920 colors=50 grid_blocks=1 block_threads=128 launches=1 coloring_ms=8.474 upload_ms=0.167 kernel_ms=566.133
[ROW-SOLVER-TIMING] rows=1920 colors=50 grid_blocks=1 block_threads=128 launches=1 coloring_ms=8.461 upload_ms=0.170 kernel_ms=566.455
[ROW-SOLVER-TIMING] rows=1920 colors=50 grid_blocks=1 block_threads=128 launches=1 coloring_ms=8.449 upload_ms=0.171 kernel_ms=565.142
[ROW-SOLVER-TIMING] rows=1920 colors=50 grid_blocks=1 block_threads=128 launches=1 coloring_ms=8.465 upload_ms=0.169 kernel_ms=564.359
[ROW-SOLVER-TIMING] rows=1920 colors=50 grid_blocks=1 block_threads=128 launches=1 coloring_ms=8.448 upload_ms=0.176 kernel_ms=564.079
[ROW-SOLVER-TIMING] rows=1920 colors=50 grid_blocks=1 block_threads=128 launches=1 coloring_ms=8.436 upload_ms=0.165 kernel_ms=565.487
[ROW-SOLVER-TIMING] rows=1920 colors=50 grid_blocks=1 block_threads=128 launches=1 coloring_ms=8.467 upload_ms=0.179 kernel_ms=565.351
[ROW-SOLVER-TIMING] rows=1920 colors=50 grid_blocks=1 block_threads=128 launches=1 coloring_ms=8.464 upload_ms=0.166 kernel_ms=564.426
[ROW-SOLVER-TIMING] rows=1920 colors=50 grid_blocks=1 block_threads=128 launches=1 coloring_ms=8.477 upload_ms=0.169 kernel_ms=562.736
[ROW-SOLVER-TIMING] rows=1920 colors=50 grid_blocks=1 block_threads=128 launches=1 coloring_ms=8.439 upload_ms=0.163 kernel_ms=561.824
[ROW-SOLVER-TIMING] rows=1920 colors=50 grid_blocks=1 block_threads=128 launches=1 coloring_ms=8.494 upload_ms=0.169 kernel_ms=560.832
[ROW-SOLVER-TIMING] rows=1920 colors=50 grid_blocks=1 block_threads=128 launches=1 coloring_ms=8.461 upload_ms=0.171 kernel_ms=561.009
[ROW-SOLVER-TIMING] rows=1920 colors=50 grid_blocks=1 block_threads=128 launches=1 coloring_ms=19.722 upload_ms=0.241 kernel_ms=561.979
[ROW-SOLVER-TIMING] rows=1920 colors=50 grid_blocks=1 block_threads=128 launches=1 coloring_ms=8.456 upload_ms=0.163 kernel_ms=561.273
[ROW-SOLVER-TIMING] rows=1920 colors=50 grid_blocks=1 block_threads=128 launches=1 coloring_ms=8.450 upload_ms=0.169 kernel_ms=559.954
[ROW-SOLVER-TIMING] rows=1920 colors=50 grid_blocks=1 block_threads=128 launches=1 coloring_ms=8.451 upload_ms=0.165 kernel_ms=556.722
[ROW-SOLVER-TIMING] rows=1920 colors=50 grid_blocks=1 block_threads=128 launches=1 coloring_ms=8.452 upload_ms=0.163 kernel_ms=561.282
[ROW-SOLVER-TIMING] rows=1920 colors=50 grid_blocks=1 block_threads=128 launches=1 coloring_ms=10.968 upload_ms=0.186 kernel_ms=556.114
[ROW-SOLVER-TIMING] rows=1920 colors=50 grid_blocks=1 block_threads=128 launches=1 coloring_ms=8.447 upload_ms=0.166 kernel_ms=550.313
[ROW-SOLVER-TIMING] rows=1920 colors=50 grid_blocks=1 block_threads=128 launches=1 coloring_ms=8.448 upload_ms=0.168 kernel_ms=548.567
[ROW-SOLVER-TIMING] rows=1920 colors=50 grid_blocks=1 block_threads=128 launches=1 coloring_ms=8.447 upload_ms=0.169 kernel_ms=547.038
[ROW-SOLVER-TIMING] rows=1920 colors=50 grid_blocks=1 block_threads=128 launches=1 coloring_ms=8.453 upload_ms=0.167 kernel_ms=545.786
[ROW-SOLVER-TIMING] rows=1920 colors=50 grid_blocks=1 block_threads=128 launches=1 coloring_ms=8.444 upload_ms=0.168 kernel_ms=544.777
[ROW-SOLVER-TIMING] rows=1920 colors=50 grid_blocks=1 block_threads=128 launches=1 coloring_ms=8.499 upload_ms=0.165 kernel_ms=542.987
[ROW-SOLVER-TIMING] rows=1920 colors=50 grid_blocks=1 block_threads=128 launches=1 coloring_ms=8.632 upload_ms=0.176 kernel_ms=541.723
[ROW-SOLVER-TIMING] rows=1920 colors=50 grid_blocks=1 block_threads=128 launches=1 coloring_ms=8.452 upload_ms=0.166 kernel_ms=542.578
[ROW-SOLVER-TIMING] rows=1920 colors=50 grid_blocks=1 block_threads=128 launches=1 coloring_ms=8.454 upload_ms=0.168 kernel_ms=540.895
[ROW-SOLVER-TIMING] rows=1920 colors=50 grid_blocks=1 block_threads=128 launches=1 coloring_ms=8.467 upload_ms=0.169 kernel_ms=540.945
[ROW-SOLVER-TIMING] rows=1920 colors=50 grid_blocks=1 block_threads=128 launches=1 coloring_ms=8.439 upload_ms=0.164 kernel_ms=537.635
[ROW-SOLVER-TIMING] rows=1920 colors=50 grid_blocks=1 block_threads=128 launches=1 coloring_ms=8.474 upload_ms=0.171 kernel_ms=535.956
[UNION-PERF V1 N=32 K=200 rep=1] env_steps_per_sec=50.3 ms_per_step=636.126 regime_start{foot=4,finger=30,table=2} regime_end{foot=4,finger=6,table=2}
[ROW-SOLVER-TIMING] rows=6080 colors=170 grid_blocks=1 block_threads=128 launches=1 coloring_ms=140.746 upload_ms=0.655 kernel_ms=1410.574
[ROW-SOLVER-TIMING] rows=5920 colors=170 grid_blocks=1 block_threads=128 launches=1 coloring_ms=137.637 upload_ms=0.305 kernel_ms=1422.107
[ROW-SOLVER-TIMING] rows=5920 colors=170 grid_blocks=1 block_threads=128 launches=1 coloring_ms=137.690 upload_ms=0.306 kernel_ms=1404.285
[ROW-SOLVER-TIMING] rows=5760 colors=170 grid_blocks=1 block_threads=128 launches=1 coloring_ms=135.187 upload_ms=0.302 kernel_ms=1387.895
[ROW-SOLVER-TIMING] rows=5760 colors=170 grid_blocks=1 block_threads=128 launches=1 coloring_ms=135.325 upload_ms=0.299 kernel_ms=1375.837
[ROW-SOLVER-TIMING] rows=5760 colors=170 grid_blocks=1 block_threads=128 launches=1 coloring_ms=135.061 upload_ms=0.300 kernel_ms=1356.541
[ROW-SOLVER-TIMING] rows=5760 colors=170 grid_blocks=1 block_threads=128 launches=1 coloring_ms=135.206 upload_ms=0.343 kernel_ms=1330.946
[ROW-SOLVER-TIMING] rows=5760 colors=170 grid_blocks=1 block_threads=128 launches=1 coloring_ms=135.206 upload_ms=0.303 kernel_ms=1344.219
[ROW-SOLVER-TIMING] rows=5760 colors=170 grid_blocks=1 block_threads=128 launches=1 coloring_ms=135.048 upload_ms=0.308 kernel_ms=1384.556
[ROW-SOLVER-TIMING] rows=5760 colors=170 grid_blocks=1 block_threads=128 launches=1 coloring_ms=135.329 upload_ms=0.342 kernel_ms=1317.441
[ROW-SOLVER-TIMING] rows=5600 colors=170 grid_blocks=1 block_threads=128 launches=1 coloring_ms=132.613 upload_ms=0.303 kernel_ms=1299.845
[ROW-SOLVER-TIMING] rows=5600 colors=170 grid_blocks=1 block_threads=128 launches=1 coloring_ms=133.427 upload_ms=0.785 kernel_ms=1284.903
[ROW-SOLVER-TIMING] rows=5280 colors=160 grid_blocks=1 block_threads=128 launches=1 coloring_ms=121.878 upload_ms=0.403 kernel_ms=1723.482
[ROW-SOLVER-TIMING] rows=5280 colors=155 grid_blocks=1 block_threads=128 launches=1 coloring_ms=107.681 upload_ms=0.324 kernel_ms=1298.064
[ROW-SOLVER-TIMING] rows=5120 colors=150 grid_blocks=1 block_threads=128 launches=1 coloring_ms=100.081 upload_ms=0.292 kernel_ms=1249.025
[ROW-SOLVER-TIMING] rows=4800 colors=145 grid_blocks=1 block_threads=128 launches=1 coloring_ms=91.462 upload_ms=0.280 kernel_ms=1240.500
[ROW-SOLVER-TIMING] rows=4640 colors=140 grid_blocks=1 block_threads=128 launches=1 coloring_ms=83.920 upload_ms=0.322 kernel_ms=1229.202
[ROW-SOLVER-TIMING] rows=4480 colors=135 grid_blocks=1 block_threads=128 launches=1 coloring_ms=76.603 upload_ms=0.259 kernel_ms=1223.033
[ROW-SOLVER-TIMING] rows=4160 colors=125 grid_blocks=1 block_threads=128 launches=1 coloring_ms=63.841 upload_ms=0.245 kernel_ms=1088.707
[ROW-SOLVER-TIMING] rows=3840 colors=115 grid_blocks=1 block_threads=128 launches=1 coloring_ms=52.826 upload_ms=0.239 kernel_ms=1021.263
[ROW-SOLVER-TIMING] rows=4000 colors=115 grid_blocks=1 block_threads=128 launches=1 coloring_ms=54.442 upload_ms=0.244 kernel_ms=1051.479
[ROW-SOLVER-TIMING] rows=4000 colors=115 grid_blocks=1 block_threads=128 launches=1 coloring_ms=54.705 upload_ms=0.260 kernel_ms=1014.998
[ROW-SOLVER-TIMING] rows=3680 colors=110 grid_blocks=1 block_threads=128 launches=1 coloring_ms=47.754 upload_ms=0.227 kernel_ms=937.943
[ROW-SOLVER-TIMING] rows=3520 colors=105 grid_blocks=1 block_threads=128 launches=1 coloring_ms=43.089 upload_ms=0.224 kernel_ms=884.797
[ROW-SOLVER-TIMING] rows=3360 colors=100 grid_blocks=1 block_threads=128 launches=1 coloring_ms=38.668 upload_ms=0.220 kernel_ms=846.460
[ROW-SOLVER-TIMING] rows=3040 colors=90 grid_blocks=1 block_threads=128 launches=1 coloring_ms=30.128 upload_ms=0.214 kernel_ms=790.421
[ROW-SOLVER-TIMING] rows=2720 colors=80 grid_blocks=1 block_threads=128 launches=1 coloring_ms=22.849 upload_ms=0.197 kernel_ms=782.189
[ROW-SOLVER-TIMING] rows=2400 colors=75 grid_blocks=1 block_threads=128 launches=1 coloring_ms=18.875 upload_ms=0.192 kernel_ms=714.720
[ROW-SOLVER-TIMING] rows=2560 colors=75 grid_blocks=1 block_threads=128 launches=1 coloring_ms=19.644 upload_ms=0.195 kernel_ms=706.655
[ROW-SOLVER-TIMING] rows=2400 colors=70 grid_blocks=1 block_threads=128 launches=1 coloring_ms=16.948 upload_ms=0.188 kernel_ms=648.464
[ROW-SOLVER-TIMING] rows=2240 colors=65 grid_blocks=1 block_threads=128 launches=1 coloring_ms=14.370 upload_ms=0.187 kernel_ms=607.646
[ROW-SOLVER-TIMING] rows=2240 colors=65 grid_blocks=1 block_threads=128 launches=1 coloring_ms=14.386 upload_ms=0.187 kernel_ms=563.768
[ROW-SOLVER-TIMING] rows=2240 colors=65 grid_blocks=1 block_threads=128 launches=1 coloring_ms=14.362 upload_ms=0.188 kernel_ms=547.459
[ROW-SOLVER-TIMING] rows=2240 colors=65 grid_blocks=1 block_threads=128 launches=1 coloring_ms=14.389 upload_ms=0.184 kernel_ms=589.199
[ROW-SOLVER-TIMING] rows=2240 colors=65 grid_blocks=1 block_threads=128 launches=1 coloring_ms=14.369 upload_ms=0.181 kernel_ms=554.213
[ROW-SOLVER-TIMING] rows=2080 colors=65 grid_blocks=1 block_threads=128 launches=1 coloring_ms=13.668 upload_ms=0.180 kernel_ms=559.642
[ROW-SOLVER-TIMING] rows=2080 colors=65 grid_blocks=1 block_threads=128 launches=1 coloring_ms=13.659 upload_ms=0.182 kernel_ms=564.595
[ROW-SOLVER-TIMING] rows=2080 colors=65 grid_blocks=1 block_threads=128 launches=1 coloring_ms=13.657 upload_ms=0.181 kernel_ms=546.772
[ROW-SOLVER-TIMING] rows=2080 colors=65 grid_blocks=1 block_threads=128 launches=1 coloring_ms=13.653 upload_ms=0.181 kernel_ms=544.073
[ROW-SOLVER-TIMING] rows=2080 colors=65 grid_blocks=1 block_threads=128 launches=1 coloring_ms=13.639 upload_ms=0.181 kernel_ms=570.916
[ROW-SOLVER-TIMING] rows=1920 colors=60 grid_blocks=1 block_threads=128 launches=1 coloring_ms=11.392 upload_ms=0.173 kernel_ms=569.521
[ROW-SOLVER-TIMING] rows=1920 colors=60 grid_blocks=1 block_threads=128 launches=1 coloring_ms=11.414 upload_ms=0.200 kernel_ms=567.865
[ROW-SOLVER-TIMING] rows=2080 colors=60 grid_blocks=1 block_threads=128 launches=1 coloring_ms=12.079 upload_ms=0.193 kernel_ms=560.981
[ROW-SOLVER-TIMING] rows=2080 colors=60 grid_blocks=1 block_threads=128 launches=1 coloring_ms=12.028 upload_ms=0.176 kernel_ms=571.479
[ROW-SOLVER-TIMING] rows=2080 colors=60 grid_blocks=1 block_threads=128 launches=1 coloring_ms=12.044 upload_ms=0.175 kernel_ms=569.819
[ROW-SOLVER-TIMING] rows=2080 colors=60 grid_blocks=1 block_threads=128 launches=1 coloring_ms=12.026 upload_ms=0.180 kernel_ms=569.348
[ROW-SOLVER-TIMING] rows=2080 colors=60 grid_blocks=1 block_threads=128 launches=1 coloring_ms=12.035 upload_ms=0.174 kernel_ms=570.104
[ROW-SOLVER-TIMING] rows=2080 colors=60 grid_blocks=1 block_threads=128 launches=1 coloring_ms=12.045 upload_ms=0.175 kernel_ms=570.725
[ROW-SOLVER-TIMING] rows=2080 colors=60 grid_blocks=1 block_threads=128 launches=1 coloring_ms=12.048 upload_ms=0.175 kernel_ms=573.270
[ROW-SOLVER-TIMING] rows=1920 colors=55 grid_blocks=1 block_threads=128 launches=1 coloring_ms=9.982 upload_ms=0.182 kernel_ms=540.401
[ROW-SOLVER-TIMING] rows=1920 colors=55 grid_blocks=1 block_threads=128 launches=1 coloring_ms=9.898 upload_ms=0.170 kernel_ms=542.402
[ROW-SOLVER-TIMING] rows=1920 colors=55 grid_blocks=1 block_threads=128 launches=1 coloring_ms=9.899 upload_ms=0.170 kernel_ms=546.341
[ROW-SOLVER-TIMING] rows=1920 colors=55 grid_blocks=1 block_threads=128 launches=1 coloring_ms=9.910 upload_ms=0.173 kernel_ms=546.807
[ROW-SOLVER-TIMING] rows=1920 colors=55 grid_blocks=1 block_threads=128 launches=1 coloring_ms=9.928 upload_ms=0.178 kernel_ms=544.844
[ROW-SOLVER-TIMING] rows=1920 colors=55 grid_blocks=1 block_threads=128 launches=1 coloring_ms=9.899 upload_ms=0.171 kernel_ms=550.114
[ROW-SOLVER-TIMING] rows=1920 colors=55 grid_blocks=1 block_threads=128 launches=1 coloring_ms=9.895 upload_ms=0.171 kernel_ms=553.354
[ROW-SOLVER-TIMING] rows=1920 colors=55 grid_blocks=1 block_threads=128 launches=1 coloring_ms=9.913 upload_ms=0.169 kernel_ms=555.894
[ROW-SOLVER-TIMING] rows=1920 colors=55 grid_blocks=1 block_threads=128 launches=1 coloring_ms=9.894 upload_ms=0.172 kernel_ms=555.397
[ROW-SOLVER-TIMING] rows=1920 colors=55 grid_blocks=1 block_threads=128 launches=1 coloring_ms=9.905 upload_ms=0.172 kernel_ms=556.130
[ROW-SOLVER-TIMING] rows=1920 colors=55 grid_blocks=1 block_threads=128 launches=1 coloring_ms=9.904 upload_ms=0.170 kernel_ms=557.784
[ROW-SOLVER-TIMING] rows=1920 colors=55 grid_blocks=1 block_threads=128 launches=1 coloring_ms=9.927 upload_ms=0.170 kernel_ms=556.564
[ROW-SOLVER-TIMING] rows=1920 colors=55 grid_blocks=1 block_threads=128 launches=1 coloring_ms=9.903 upload_ms=0.173 kernel_ms=557.895
[ROW-SOLVER-TIMING] rows=1920 colors=55 grid_blocks=1 block_threads=128 launches=1 coloring_ms=9.942 upload_ms=0.174 kernel_ms=559.585
[ROW-SOLVER-TIMING] rows=1920 colors=55 grid_blocks=1 block_threads=128 launches=1 coloring_ms=9.915 upload_ms=0.171 kernel_ms=561.925
[ROW-SOLVER-TIMING] rows=1920 colors=55 grid_blocks=1 block_threads=128 launches=1 coloring_ms=9.925 upload_ms=0.176 kernel_ms=558.578
[ROW-SOLVER-TIMING] rows=1920 colors=50 grid_blocks=1 block_threads=128 launches=1 coloring_ms=8.484 upload_ms=0.165 kernel_ms=528.938
[ROW-SOLVER-TIMING] rows=1920 colors=50 grid_blocks=1 block_threads=128 launches=1 coloring_ms=8.473 upload_ms=0.168 kernel_ms=534.997
[ROW-SOLVER-TIMING] rows=1920 colors=50 grid_blocks=1 block_threads=128 launches=1 coloring_ms=8.495 upload_ms=0.166 kernel_ms=536.664
[ROW-SOLVER-TIMING] rows=1920 colors=50 grid_blocks=1 block_threads=128 launches=1 coloring_ms=8.483 upload_ms=0.171 kernel_ms=534.693
[ROW-SOLVER-TIMING] rows=1920 colors=50 grid_blocks=1 block_threads=128 launches=1 coloring_ms=8.466 upload_ms=0.167 kernel_ms=530.026
[ROW-SOLVER-TIMING] rows=1920 colors=50 grid_blocks=1 block_threads=128 launches=1 coloring_ms=8.471 upload_ms=0.166 kernel_ms=526.744
[ROW-SOLVER-TIMING] rows=1920 colors=50 grid_blocks=1 block_threads=128 launches=1 coloring_ms=8.464 upload_ms=0.170 kernel_ms=523.937
[ROW-SOLVER-TIMING] rows=1920 colors=50 grid_blocks=1 block_threads=128 launches=1 coloring_ms=8.508 upload_ms=0.170 kernel_ms=519.608
[ROW-SOLVER-TIMING] rows=1920 colors=50 grid_blocks=1 block_threads=128 launches=1 coloring_ms=8.486 upload_ms=0.176 kernel_ms=522.408
[ROW-SOLVER-TIMING] rows=1920 colors=50 grid_blocks=1 block_threads=128 launches=1 coloring_ms=8.479 upload_ms=0.164 kernel_ms=521.751
[ROW-SOLVER-TIMING] rows=1920 colors=50 grid_blocks=1 block_threads=128 launches=1 coloring_ms=8.480 upload_ms=0.167 kernel_ms=524.822
[ROW-SOLVER-TIMING] rows=1920 colors=50 grid_blocks=1 block_threads=128 launches=1 coloring_ms=8.485 upload_ms=0.167 kernel_ms=524.294
[ROW-SOLVER-TIMING] rows=1920 colors=50 grid_blocks=1 block_threads=128 launches=1 coloring_ms=8.461 upload_ms=0.167 kernel_ms=526.690
[ROW-SOLVER-TIMING] rows=1760 colors=45 grid_blocks=1 block_threads=128 launches=1 coloring_ms=6.683 upload_ms=0.163 kernel_ms=493.351
[ROW-SOLVER-TIMING] rows=1760 colors=45 grid_blocks=1 block_threads=128 launches=1 coloring_ms=6.663 upload_ms=0.163 kernel_ms=492.214
[ROW-SOLVER-TIMING] rows=1760 colors=45 grid_blocks=1 block_threads=128 launches=1 coloring_ms=6.666 upload_ms=0.164 kernel_ms=494.230
[ROW-SOLVER-TIMING] rows=1760 colors=45 grid_blocks=1 block_threads=128 launches=1 coloring_ms=6.656 upload_ms=0.215 kernel_ms=496.557
[ROW-SOLVER-TIMING] rows=1760 colors=45 grid_blocks=1 block_threads=128 launches=1 coloring_ms=6.675 upload_ms=0.160 kernel_ms=495.341
[ROW-SOLVER-TIMING] rows=1760 colors=45 grid_blocks=1 block_threads=128 launches=1 coloring_ms=6.668 upload_ms=0.161 kernel_ms=496.015
[ROW-SOLVER-TIMING] rows=1760 colors=45 grid_blocks=1 block_threads=128 launches=1 coloring_ms=6.675 upload_ms=0.164 kernel_ms=492.613
[ROW-SOLVER-TIMING] rows=1760 colors=45 grid_blocks=1 block_threads=128 launches=1 coloring_ms=6.671 upload_ms=0.167 kernel_ms=493.869
[ROW-SOLVER-TIMING] rows=1760 colors=45 grid_blocks=1 block_threads=128 launches=1 coloring_ms=6.672 upload_ms=0.175 kernel_ms=493.930
[ROW-SOLVER-TIMING] rows=1760 colors=45 grid_blocks=1 block_threads=128 launches=1 coloring_ms=6.840 upload_ms=0.168 kernel_ms=494.152
[ROW-SOLVER-TIMING] rows=1760 colors=45 grid_blocks=1 block_threads=128 launches=1 coloring_ms=6.658 upload_ms=0.164 kernel_ms=494.168
[ROW-SOLVER-TIMING] rows=1760 colors=45 grid_blocks=1 block_threads=128 launches=1 coloring_ms=11.408 upload_ms=0.209 kernel_ms=494.661
[ROW-SOLVER-TIMING] rows=1760 colors=45 grid_blocks=1 block_threads=128 launches=1 coloring_ms=6.661 upload_ms=0.165 kernel_ms=496.185
[ROW-SOLVER-TIMING] rows=1760 colors=45 grid_blocks=1 block_threads=128 launches=1 coloring_ms=8.338 upload_ms=0.172 kernel_ms=493.081
[ROW-SOLVER-TIMING] rows=1760 colors=45 grid_blocks=1 block_threads=128 launches=1 coloring_ms=6.680 upload_ms=0.168 kernel_ms=493.194
[ROW-SOLVER-TIMING] rows=1760 colors=45 grid_blocks=1 block_threads=128 launches=1 coloring_ms=6.670 upload_ms=0.166 kernel_ms=494.559
[ROW-SOLVER-TIMING] rows=1760 colors=45 grid_blocks=1 block_threads=128 launches=1 coloring_ms=6.669 upload_ms=0.166 kernel_ms=493.496
[ROW-SOLVER-TIMING] rows=1760 colors=45 grid_blocks=1 block_threads=128 launches=1 coloring_ms=7.161 upload_ms=0.166 kernel_ms=493.552
[ROW-SOLVER-TIMING] rows=1760 colors=45 grid_blocks=1 block_threads=128 launches=1 coloring_ms=6.690 upload_ms=0.163 kernel_ms=493.243
[ROW-SOLVER-TIMING] rows=1760 colors=45 grid_blocks=1 block_threads=128 launches=1 coloring_ms=6.683 upload_ms=0.164 kernel_ms=491.983
[ROW-SOLVER-TIMING] rows=1760 colors=45 grid_blocks=1 block_threads=128 launches=1 coloring_ms=6.679 upload_ms=0.165 kernel_ms=494.304
[ROW-SOLVER-TIMING] rows=1760 colors=45 grid_blocks=1 block_threads=128 launches=1 coloring_ms=6.677 upload_ms=0.165 kernel_ms=493.142
[ROW-SOLVER-TIMING] rows=1760 colors=45 grid_blocks=1 block_threads=128 launches=1 coloring_ms=6.683 upload_ms=0.166 kernel_ms=492.953
[ROW-SOLVER-TIMING] rows=1760 colors=45 grid_blocks=1 block_threads=128 launches=1 coloring_ms=6.674 upload_ms=0.162 kernel_ms=493.832
[ROW-SOLVER-TIMING] rows=1760 colors=45 grid_blocks=1 block_threads=128 launches=1 coloring_ms=6.662 upload_ms=0.168 kernel_ms=492.818
[ROW-SOLVER-TIMING] rows=1760 colors=45 grid_blocks=1 block_threads=128 launches=1 coloring_ms=6.680 upload_ms=0.166 kernel_ms=494.850
[ROW-SOLVER-TIMING] rows=1760 colors=45 grid_blocks=1 block_threads=128 launches=1 coloring_ms=6.690 upload_ms=0.165 kernel_ms=491.303
[ROW-SOLVER-TIMING] rows=1760 colors=45 grid_blocks=1 block_threads=128 launches=1 coloring_ms=6.665 upload_ms=0.163 kernel_ms=494.280
[ROW-SOLVER-TIMING] rows=1760 colors=45 grid_blocks=1 block_threads=128 launches=1 coloring_ms=6.672 upload_ms=0.163 kernel_ms=491.814
[ROW-SOLVER-TIMING] rows=1760 colors=45 grid_blocks=1 block_threads=128 launches=1 coloring_ms=6.678 upload_ms=0.165 kernel_ms=491.511
[ROW-SOLVER-TIMING] rows=1760 colors=45 grid_blocks=1 block_threads=128 launches=1 coloring_ms=6.660 upload_ms=0.163 kernel_ms=491.380
[ROW-SOLVER-TIMING] rows=1760 colors=45 grid_blocks=1 block_threads=128 launches=1 coloring_ms=6.660 upload_ms=0.164 kernel_ms=491.756
[ROW-SOLVER-TIMING] rows=1760 colors=45 grid_blocks=1 block_threads=128 launches=1 coloring_ms=6.679 upload_ms=0.164 kernel_ms=492.497
[ROW-SOLVER-TIMING] rows=1760 colors=45 grid_blocks=1 block_threads=128 launches=1 coloring_ms=6.689 upload_ms=0.162 kernel_ms=491.927
[ROW-SOLVER-TIMING] rows=1760 colors=45 grid_blocks=1 block_threads=128 launches=1 coloring_ms=6.679 upload_ms=0.164 kernel_ms=493.089
[ROW-SOLVER-TIMING] rows=1760 colors=45 grid_blocks=1 block_threads=128 launches=1 coloring_ms=6.667 upload_ms=0.160 kernel_ms=493.158
[ROW-SOLVER-TIMING] rows=1760 colors=45 grid_blocks=1 block_threads=128 launches=1 coloring_ms=6.704 upload_ms=0.167 kernel_ms=493.635
[ROW-SOLVER-TIMING] rows=1760 colors=45 grid_blocks=1 block_threads=128 launches=1 coloring_ms=6.661 upload_ms=0.165 kernel_ms=491.729
[ROW-SOLVER-TIMING] rows=1760 colors=45 grid_blocks=1 block_threads=128 launches=1 coloring_ms=6.670 upload_ms=0.168 kernel_ms=492.332
[ROW-SOLVER-TIMING] rows=1760 colors=45 grid_blocks=1 block_threads=128 launches=1 coloring_ms=6.665 upload_ms=0.165 kernel_ms=492.700
[ROW-SOLVER-TIMING] rows=1760 colors=45 grid_blocks=1 block_threads=128 launches=1 coloring_ms=6.677 upload_ms=0.166 kernel_ms=491.836
[ROW-SOLVER-TIMING] rows=1760 colors=45 grid_blocks=1 block_threads=128 launches=1 coloring_ms=6.691 upload_ms=0.167 kernel_ms=492.419
[ROW-SOLVER-TIMING] rows=1760 colors=45 grid_blocks=1 block_threads=128 launches=1 coloring_ms=6.678 upload_ms=0.164 kernel_ms=493.889
[ROW-SOLVER-TIMING] rows=1760 colors=45 grid_blocks=1 block_threads=128 launches=1 coloring_ms=6.682 upload_ms=0.165 kernel_ms=492.077
[ROW-SOLVER-TIMING] rows=1760 colors=45 grid_blocks=1 block_threads=128 launches=1 coloring_ms=6.672 upload_ms=0.166 kernel_ms=493.530
[ROW-SOLVER-TIMING] rows=1760 colors=45 grid_blocks=1 block_threads=128 launches=1 coloring_ms=6.662 upload_ms=0.164 kernel_ms=492.376
[ROW-SOLVER-TIMING] rows=1760 colors=45 grid_blocks=1 block_threads=128 launches=1 coloring_ms=6.696 upload_ms=0.169 kernel_ms=493.725
[ROW-SOLVER-TIMING] rows=1760 colors=45 grid_blocks=1 block_threads=128 launches=1 coloring_ms=6.666 upload_ms=0.164 kernel_ms=492.874
[ROW-SOLVER-TIMING] rows=1760 colors=45 grid_blocks=1 block_threads=128 launches=1 coloring_ms=6.673 upload_ms=0.170 kernel_ms=491.297
[ROW-SOLVER-TIMING] rows=1920 colors=50 grid_blocks=1 block_threads=128 launches=1 coloring_ms=8.469 upload_ms=0.166 kernel_ms=547.129
[ROW-SOLVER-TIMING] rows=1920 colors=50 grid_blocks=1 block_threads=128 launches=1 coloring_ms=8.485 upload_ms=0.168 kernel_ms=548.543
[ROW-SOLVER-TIMING] rows=1920 colors=50 grid_blocks=1 block_threads=128 launches=1 coloring_ms=8.483 upload_ms=0.167 kernel_ms=550.758
[ROW-SOLVER-TIMING] rows=1920 colors=50 grid_blocks=1 block_threads=128 launches=1 coloring_ms=8.508 upload_ms=0.172 kernel_ms=548.168
[ROW-SOLVER-TIMING] rows=1920 colors=50 grid_blocks=1 block_threads=128 launches=1 coloring_ms=10.675 upload_ms=0.188 kernel_ms=553.222
[ROW-SOLVER-TIMING] rows=1920 colors=50 grid_blocks=1 block_threads=128 launches=1 coloring_ms=8.462 upload_ms=0.169 kernel_ms=553.206
